[21Jun2025 03:50:00.031] [main/INFO] [cpw.mods.modlauncher.Launcher/MODLAUNCHER]: ModLauncher running: args [--launchTarget, forgeserver, --fml.forgeVersion, 47.3.5, --fml.mcVersion, 1.20.1, --fml.forgeGroup, net.minecraftforge, --fml.mcpVersion, 20230612.114412, nogui]
[21Jun2025 03:50:00.037] [main/INFO] [cpw.mods.modlauncher.Launcher/MODLAUNCHER]: ModLauncher 10.0.9+10.0.9+main.dcd20f30 starting: java version 17.0.15 by Ubuntu; OS Linux arch amd64 version 6.8.0-1027-azure
[21Jun2025 03:50:02.209] [main/INFO] [net.minecraftforge.fml.loading.ImmediateWindowHandler/]: ImmediateWindowProvider not loading because launch target is forgeserver
[21Jun2025 03:50:02.222] [main/INFO] [mixin-transmog/]: Mixin Transmogrifier is definitely up to no good...
[21Jun2025 03:50:02.260] [main/INFO] [mixin-transmog/]: crimes against java were committed
[21Jun2025 03:50:02.282] [main/INFO] [mixin-transmog/]: Original mixin transformation service successfully crobbed by mixin-transmogrifier!
[21Jun2025 03:50:02.326] [main/INFO] [mixin/]: SpongePowered MIXIN Subsystem Version=0.8.5 Source=union:/workspaces/SERVEEER/servidor_minecraft/mods/Connector-1.0.0-beta.28+1.20.1.jar%23251%23254!/ Service=ModLauncher Env=SERVER
[21Jun2025 03:50:02.792] [main/WARN] [net.minecraftforge.fml.loading.moddiscovery.ModFileParser/LOADING]: Mod file /workspaces/SERVEEER/servidor_minecraft/libraries/net/minecraftforge/fmlcore/1.20.1-47.3.5/fmlcore-1.20.1-47.3.5.jar is missing mods.toml file
[21Jun2025 03:50:02.793] [main/WARN] [net.minecraftforge.fml.loading.moddiscovery.ModFileParser/LOADING]: Mod file /workspaces/SERVEEER/servidor_minecraft/libraries/net/minecraftforge/javafmllanguage/1.20.1-47.3.5/javafmllanguage-1.20.1-47.3.5.jar is missing mods.toml file
[21Jun2025 03:50:02.794] [main/WARN] [net.minecraftforge.fml.loading.moddiscovery.ModFileParser/LOADING]: Mod file /workspaces/SERVEEER/servidor_minecraft/libraries/net/minecraftforge/lowcodelanguage/1.20.1-47.3.5/lowcodelanguage-1.20.1-47.3.5.jar is missing mods.toml file
[21Jun2025 03:50:02.795] [main/WARN] [net.minecraftforge.fml.loading.moddiscovery.ModFileParser/LOADING]: Mod file /workspaces/SERVEEER/servidor_minecraft/libraries/net/minecraftforge/mclanguage/1.20.1-47.3.5/mclanguage-1.20.1-47.3.5.jar is missing mods.toml file
[21Jun2025 03:50:03.735] [main/WARN] [net.minecraftforge.jarjar.selection.JarSelector/]: Attempted to select two dependency jars from JarJar which have the same identification: Mod File:  and Mod File: . Using Mod File: 
[21Jun2025 03:50:03.737] [main/WARN] [net.minecraftforge.jarjar.selection.JarSelector/]: Attempted to select a dependency jar for JarJar which was passed in as source: resourcefullib. Using Mod File: /workspaces/SERVEEER/servidor_minecraft/mods/resourcefullib-forge-1.20.1-2.1.19.jar
[21Jun2025 03:50:03.737] [main/INFO] [net.minecraftforge.fml.loading.moddiscovery.JarInJarDependencyLocator/]: Found 85 dependencies adding them to mods collection
[21Jun2025 03:50:04.375] [main/INFO] [dev.su5ed.sinytra.connector.locator.DependencyResolver/]: Dependency resolution found 0 candidates to load
[21Jun2025 03:50:05.712] [main/INFO] [org.groovymc.gml.mappings.MappingsProvider/]: Starting runtime mappings setup...
[21Jun2025 03:50:05.730] [main/INFO] [org.groovymc.gml.internal.locator.ModLocatorInjector/]: Injecting ScriptModLocator candidates...
[21Jun2025 03:50:05.740] [main/INFO] [org.groovymc.gml.scriptmods.ScriptModLocator/]: Injected Jimfs file system
[21Jun2025 03:50:05.747] [main/INFO] [org.groovymc.gml.scriptmods.ScriptModLocator/]: Skipped loading script mods from directory /workspaces/SERVEEER/servidor_minecraft/mods/scripts as it did not exist.
[21Jun2025 03:50:05.754] [main/INFO] [org.groovymc.gml.internal.locator.ModLocatorInjector/]: Injected ScriptModLocator mod candidates. Found 0 valid mod candidates and 0 broken mod files.
[21Jun2025 03:50:06.498] [main/INFO] [dev.su5ed.sinytra.connector.service.ModuleLayerMigrator/]: Successfully made module authlib transformable
[21Jun2025 03:50:08.590] [GML Mappings Thread/INFO] [org.groovymc.gml.mappings.MappingsProvider/]: Loaded runtime mappings in 2833ms
[21Jun2025 03:50:08.590] [GML Mappings Thread/INFO] [org.groovymc.gml.mappings.MappingsProvider/]: Finished runtime mappings setup.
[21Jun2025 03:50:10.029] [main/INFO] [mixin/]: Compatibility level set to JAVA_17
[21Jun2025 03:50:10.627] [main/INFO] [mixin/]: Successfully loaded Mixin Connector [com.sonicether.soundphysics.MixinConnector]
[21Jun2025 03:50:10.629] [main/INFO] [mixin/]: Successfully loaded Mixin Connector [org.tlauncher.MixinConnector]
[21Jun2025 03:50:10.650] [main/INFO] [cpw.mods.modlauncher.LaunchServiceHandler/MODLAUNCHER]: Launching target 'forgeserver' with arguments [nogui]
[21Jun2025 03:50:10.729] [main/INFO] [Embeddium/]: Loaded configuration file for Embeddium: 41 options available, 0 override(s) found
[21Jun2025 03:50:10.756] [main/WARN] [mixin/]: Reference map 'mysticaloaktree-common-refmap.json' for mysticaloaktree-common.mixins.json could not be read. If this is a development environment you can ignore this message
[21Jun2025 03:50:10.759] [main/WARN] [mixin/]: Reference map 'mysticaloaktree-forge-refmap.json' for mysticaloaktree.mixins.json could not be read. If this is a development environment you can ignore this message
[21Jun2025 03:50:10.786] [main/WARN] [mixin/]: Reference map 'nitrogen_internals.refmap.json' for nitrogen_internals.mixins.json could not be read. If this is a development environment you can ignore this message
[21Jun2025 03:50:10.893] [main/INFO] [Canary/]: Loaded configuration file for Canary: 123 options available, 0 override(s) found
[21Jun2025 03:50:10.935] [main/INFO] [Puzzles Lib/]: Loading 205 mods:
	- abridged 1.0.0
	- additionalstructures 4.2.1
	- advancementplaques 1.4.10
	- aether 1.20.1-1.0.0-beta.2-neoforge
	- alexsmobs 1.22.5
	- ambientsounds 5.3.5
	- animal_feeding_trough 1.0.3+1.20.1-forge
	- aquamirae 6.API15
	- aquatictorches 1.1.1
	- architectury 9.1.12
	- azurelib 2.0.11
	- balm 7.1.4
	- beautify 2.0.2
	- better_totem_of_undying 1.1.0
	- betteradvancements 0.3.2.161
	- betterchunkloading 1.20.1-2.2
	- betterdeserttemples 1.20-Forge-3.0.3
	- betterdungeons 1.20-Forge-4.0.3
	- betterf3 7.0.2
	- betterfortresses 1.20-Forge-2.0.5
	- betterfpsdist 1.20.1-4.1
	- betterjungletemples 1.20-Forge-2.0.4
	- bettermineshafts 1.20-Forge-4.0.4
	- betteroceanmonuments 1.20-Forge-3.0.4
	- betterstrongholds 1.20-Forge-4.0.3
	- betterwitchhuts 1.20-Forge-3.0.3
	- bn_blood_particles_mod 0.8.0
	- bookshelf 20.1.6
	- canary 0.2.7
	- carryon 2.1.2.7
	- cataclysm 1.0
	- cfm 7.0.0-pre36
	- citadel 2.4.8
	- cloth_config 11.1.106
	- clumps 12.0.0.3
	- collective 7.9
	- comforts 6.3.4+1.20.1
	- commongroovylibrary 0.3.3
	- connectormod 1.0.0-beta.28+1.20.1
	- controlling 12.0.2
	- coroutil 1.20.1-1.3.6
	- craftable_enchanted_golden_apple 1.0.0
	- creativecore 2.11.10
	- creeperoverhaul 3.0.1
	- cristellib 1.1.5
	- ctov 3.3.6
	- cumulus_menus 1.20.1-1.0.0-beta.1-neoforge
	- cupboard 1.20.1-2.1
	- curios 5.3.5+1.20.1
	- deeperdarker 1.2.1
	- diagonalblocks 8.0.3
	- diagonalfences 8.1.2
	- diagonalwindows 8.1.3
	- doubledoors 5.1
	- dragonmounts 1.1.5.b3
	- duckling 3.0.0
	- dungeons_arise 2.1.57-1.20.1
	- dynamiclights 1.20.1.2
	- easyanvils 8.0.1
	- easymagic 8.0.1
	- ecologics 2.2.0
	- elevatorid 1.20.1-lex-1.9
	- embeddium 0.2.10+mc1.20.1
	- embeddiumplus 1.0.1
	- endermanoverhaul 1.0.3
	- enemyexpansion 2.3.1
	- entityculling 1.6.2
	- epicfight 20.7.4
	- epicsamurai 0.0.32-1.20.1-neo
	- explorify 1.3.0-mc1.20
	- extragore 5.2.3.1
	- fabric_api 0.90.7+1.10.3+1.20.1
	- fabric_api_base 0.4.30+ef105b4977
	- fabric_api_lookup_api_v1 1.6.35+67f9824077
	- fabric_biome_api_v1 13.0.12+dd0389a577
	- fabric_block_api_v1 1.0.10+0e6cb7f777
	- fabric_block_view_api_v2 1.0.0+0767707077
	- fabric_blockrenderlayer_v1 1.1.40+1d0da21e77
	- fabric_client_tags_api_v1 1.1.1+5d6761b877
	- fabric_command_api_v1 1.2.33+f71b366f77
	- fabric_command_api_v2 2.2.12+561530ec77
	- fabric_content_registries_v0 4.0.10+a670df1e77
	- fabric_convention_tags_v1 1.5.4+fa3d1c0177
	- fabric_data_generation_api_v1 12.3.2+369cb3a477
	- fabric_dimensions_v1 2.1.53+8005d10d77
	- fabric_entity_events_v1 1.5.22+b909fbe377
	- fabric_events_interaction_v0 0.6.1+0d0bd5a777
	- fabric_game_rule_api_v1 1.0.39+461110ab77
	- fabric_item_api_v1 2.1.27+2272fc7f77
	- fabric_item_group_api_v1 4.0.11+9801bf5177
	- fabric_key_binding_api_v1 1.0.36+561530ec77
	- fabric_lifecycle_events_v1 2.2.21+afab492177
	- fabric_loot_api_v2 1.2.0+eb28f93e77
	- fabric_message_api_v1 5.1.8+52cc178c77
	- fabric_mining_level_api_v1 2.1.49+561530ec77
	- fabric_model_loading_api_v1 1.0.2+142e25ab77
	- fabric_models_v0 0.4.1+7c3892a477
	- fabric_networking_api_v1 1.3.10+503a202477
	- fabric_object_builder_api_v1 11.1.2+2174fc8477
	- fabric_particles_v1 1.1.1+78e1ecb877
	- fabric_recipe_api_v1 1.0.20+514a076577
	- fabric_registry_sync_v0 2.3.2+1c0ea72177
	- fabric_renderer_api_v1 3.2.0+1d29b44577
	- fabric_renderer_indigo 1.5.0+67f9824077
	- fabric_rendering_data_attachment_v1 0.3.36+a6081afc77
	- fabric_rendering_fluids_v1 3.0.27+4ac5e37a77
	- fabric_rendering_v1 3.0.7+1c0ea72177
	- fabric_resource_conditions_api_v1 2.3.6+369cb3a477
	- fabric_resource_loader_v0 0.11.9+142e25ab77
	- fabric_screen_api_v1 2.0.7+45a670a577
	- fabric_screen_handler_api_v1 1.3.29+561530ec77
	- fabric_sound_api_v1 1.0.12+4f23bd8477
	- fabric_transfer_api_v1 3.3.2+51502a0077
	- fabric_transitive_access_wideners_v1 4.3.0+1880499877
	- fastload 3.4.0
	- ferritecore 6.0.1
	- flib 0.0.11
	- forge 47.3.5
	- fpsreducer 1.20-2.5
	- geckolib 4.3
	- gml 4.0.9
	- guardvillagers 1.20.1-1.6.3
	- herdmentality 12.0.2
	- hopo 1.1.8
	- hoporp 1.3.7
	- hopour 1.1.4
	- hpm 2.6.3
	- iceberg 1.1.16
	- immersive_aircraft 0.6.2+1.20.1
	- immersive_paintings 0.6.7+1.20.1
	- imst 2.1.0
	- incendium 5.3.3
	- ironfurnaces 4.1.6
	- jade 11.6.3
	- jei 15.2.0.27
	- journeymap 5.9.18
	- kobolds 2.10.1
	- make_bubbles_pop 0.2.0-forge
	- mcwwindows 2.2.0
	- minecraft 1.20.1
	- mixinextras 0.3.1
	- moonlight 1.20-2.8.67
	- moremobvariants 1.2.2
	- mousetweaks 2.25
	- moveboats 3.1
	- mr_stellarity 2.0d
	- mr_tidal_towns 1.2
	- mysticaloaktree 1.20-1.11
	- naturalist 4.0.3
	- nitrogen_internals 1.20.1-0.2.0-neoforge
	- obscure_api 15
	- paraglider 20.1.2
	- patchouli 1.20.1-83-FORGE
	- phenomena 2.3.2b-1.20.1
	- pickupnotifier 8.0.0
	- playeranimator 1.0.2-rc1+1.20
	- puzzlesaccessapi 8.0.7
	- puzzleslib 8.1.11
	- rare_ice 0.0NONE
	- realmrpg_skeletons 1.0.3
	- reeses_sodium_options 1.0.4
	- regions_unexplored 0.5.3
	- repurposed_structures 7.1.11+1.20.1-forge
	- resourcefulconfig 2.1.0
	- resourcefullib 2.1.19
	- respawninganimals 8.1.1
	- rubidium 0.7.1
	- searchables 1.0.2
	- shouldersurfing 1.20.1-2.8.1
	- simpletomb 1.20.1-1.3.0
	- simplyswords 1.51.5-1.20.1
	- skyvillages 1.0.3
	- smoothboot 0.0.3
	- snuffles 1.0.7
	- sophisticatedcore 0.5.108.504
	- sound_physics_remastered 1.20.1-1.3.1
	- spawn 1.20.1-1.0.2
	- spectrelib 0.13.14+1.20.1
	- structory 1.3.3
	- structorytowers 1.0.5
	- t_and_t 0.0NONE
	- tectonic 2.1.1
	- terrablender 3.0.0.169
	- textrues_embeddium_options 0.1.3+mc1.20.1
	- tia 1.20-1.1
	- tlskincape 1.32
	- travelersbackpack 9.1.11
	- travelerstitles 1.20-Forge-4.0.1
	- treasuredistance 1.20-1.2
	- treechop 0.18.8
	- twilightforest 4.3.1893
	- unusualprehistory 1.5.0.3
	- valhelsia_core 1.1.1
	- valhelsia_furniture 1.1.2
	- valhelsia_structures 1.20.1-1.1.0
	- vanillaplustools 1.20-1.0.4
	- vanillazoom 2.2
	- visuality 2.0.2
	- visualworkbench 8.0.0
	- watut 1.20.1-1.0.13
	- waystones 14.0.2
	- williams_hedgehogs 1.0.0
	- yet_another_config_lib_v3 3.5.0+1.20.1-forge
	- yungsapi 1.20-Forge-4.0.2
	- yungsbridges 1.20-Forge-4.0.3
[21Jun2025 03:50:10.958] [main/WARN] [mixin/]: Reference map 'Aquamirae.refmap.json' for aquamirae.mixins.json could not be read. If this is a development environment you can ignore this message
[21Jun2025 03:50:10.965] [main/WARN] [mixin/]: Reference map 'cristellib-forge-refmap.json' for cristellib.mixins.json could not be read. If this is a development environment you can ignore this message
[21Jun2025 03:50:10.997] [main/WARN] [mixin/]: Reference map 'naturalist-forge-forge-refmap.json' for naturalist.mixins.json could not be read. If this is a development environment you can ignore this message
[21Jun2025 03:50:11.091] [main/INFO] [fpsreducer/]: OptiFine was NOT detected.
[21Jun2025 03:50:11.094] [main/INFO] [fpsreducer/]: OptiFabric was NOT detected.
[21Jun2025 03:50:11.230] [main/WARN] [mixin/]: Reference map 'simplyswords-common-refmap.json' for simplyswords-common.mixins.json could not be read. If this is a development environment you can ignore this message
[21Jun2025 03:50:11.232] [main/WARN] [mixin/]: Reference map 'simplyswords-forge-refmap.json' for simplyswords.mixins.json could not be read. If this is a development environment you can ignore this message
[21Jun2025 03:50:11.272] [main/WARN] [mixin/]: Reference map 'immersive_paintings-common-refmap.json' for immersive_paintings.mixin.json could not be read. If this is a development environment you can ignore this message
[21Jun2025 03:50:11.281] [main/WARN] [mixin/]: Reference map 'coroutil.refmap.json' for coroutil.mixins.json could not be read. If this is a development environment you can ignore this message
[21Jun2025 03:50:11.768] [main/ERROR] [net.minecraftforge.fml.loading.RuntimeDistCleaner/DISTXFORM]: Attempted to load class net/minecraft/client/MouseHandler for invalid dist DEDICATED_SERVER
[21Jun2025 03:50:11.769] [main/WARN] [mixin/]: Error loading class: net/minecraft/client/MouseHandler (java.lang.RuntimeException: Attempted to load class net/minecraft/client/MouseHandler for invalid dist DEDICATED_SERVER)
[21Jun2025 03:50:11.769] [main/WARN] [mixin/]: @Mixin target net.minecraft.client.MouseHandler was not found fabric-screen-api-v1.mixins.json:MouseMixin from mod fabric_screen_api_v1
[21Jun2025 03:50:11.771] [main/ERROR] [net.minecraftforge.fml.loading.RuntimeDistCleaner/DISTXFORM]: Attempted to load class net/minecraft/client/gui/screens/Screen for invalid dist DEDICATED_SERVER
[21Jun2025 03:50:11.771] [main/WARN] [mixin/]: Error loading class: net/minecraft/client/gui/screens/Screen (java.lang.RuntimeException: Attempted to load class net/minecraft/client/gui/screens/Screen for invalid dist DEDICATED_SERVER)
[21Jun2025 03:50:11.771] [main/WARN] [mixin/]: @Mixin target net.minecraft.client.gui.screens.Screen was not found fabric-screen-api-v1.mixins.json:ScreenAccessor from mod fabric_screen_api_v1
[21Jun2025 03:50:13.085] [main/WARN] [mixin/]: Error loading class: net/minecraft/client/renderer/entity/PhantomRenderer (java.lang.ClassNotFoundException: net.minecraft.client.renderer.entity.PhantomRenderer)
[21Jun2025 03:50:13.085] [main/WARN] [mixin/]: @Mixin target net.minecraft.client.renderer.entity.PhantomRenderer was not found mixins.deeperdarker.json:PhantomRendererMixin from mod deeperdarker
[21Jun2025 03:50:13.358] [main/ERROR] [net.minecraftforge.fml.loading.RuntimeDistCleaner/DISTXFORM]: Attempted to load class net/minecraft/client/player/AbstractClientPlayer for invalid dist DEDICATED_SERVER
[21Jun2025 03:50:13.358] [main/WARN] [mixin/]: Error loading class: net/minecraft/client/player/AbstractClientPlayer (java.lang.RuntimeException: Attempted to load class net/minecraft/client/player/AbstractClientPlayer for invalid dist DEDICATED_SERVER)
[21Jun2025 03:50:13.359] [main/WARN] [mixin/]: @Mixin target net.minecraft.client.player.AbstractClientPlayer was not found tlskincape-mixins.json:MixinAbstractPlayer from mod (unknown)
[21Jun2025 03:50:13.360] [main/ERROR] [net.minecraftforge.fml.loading.RuntimeDistCleaner/DISTXFORM]: Attempted to load class net/minecraft/client/gui/screens/TitleScreen for invalid dist DEDICATED_SERVER
[21Jun2025 03:50:13.360] [main/WARN] [mixin/]: Error loading class: net/minecraft/client/gui/screens/TitleScreen (java.lang.RuntimeException: Attempted to load class net/minecraft/client/gui/screens/TitleScreen for invalid dist DEDICATED_SERVER)
[21Jun2025 03:50:13.360] [main/WARN] [mixin/]: @Mixin target net.minecraft.client.gui.screens.TitleScreen was not found tlskincape-mixins.json:MixinMainMenu from mod (unknown)
[21Jun2025 03:50:13.362] [main/WARN] [mixin/]: Error loading class: net/minecraft/client/model/PlayerModel (java.lang.ClassNotFoundException: net.minecraft.client.model.PlayerModel)
[21Jun2025 03:50:13.362] [main/WARN] [mixin/]: @Mixin target net.minecraft.client.model.PlayerModel was not found tlskincape-mixins.json:MixinPlayerModel from mod (unknown)
[21Jun2025 03:50:13.577] [main/INFO] [MixinExtras|Service/]: Initializing MixinExtras via com.llamalad7.mixinextras.service.MixinExtrasServiceImpl(version=0.3.1).
[21Jun2025 03:50:17.433] [main/WARN] [mixin/]: @Final field f_31427_:[I in epicfight.mixins.json:MixinWitherBoss from mod epicfight should be final
[21Jun2025 03:50:17.433] [main/WARN] [mixin/]: @Final field f_31428_:[I in epicfight.mixins.json:MixinWitherBoss from mod epicfight should be final
[21Jun2025 03:50:20.753] [main/INFO] [org.groovymc.gml.internal.ModExtensionLoader/]: Skipping extension class org.groovymc.cgl.api.extension.client.MinecraftExtensions: it requires dist CLIENT, but we're running on DEDICATED_SERVER
[21Jun2025 03:50:21.164] [modloading-worker-0/INFO] [Puzzles Lib/]: Constructing common components for easyanvils:main
[21Jun2025 03:50:21.312] [modloading-worker-0/INFO] [Puzzles Lib/]: Constructing common components for pickupnotifier:main
[21Jun2025 03:50:21.639] [modloading-worker-0/INFO] [gml/]: Initialised GML mod. Version: 4.0.9
[21Jun2025 03:50:21.750] [modloading-worker-0/INFO] [realmayus.aquatictorches.AquaticTorches/]: Aquatic Torches loaded.
[21Jun2025 03:50:21.764] [modloading-worker-0/INFO] [ironfurnaces.IronFurnaces/]: Initializing Update Checker...
[21Jun2025 03:50:21.769] [ Iron Furnaces Update Checker/INFO] [ironfurnaces.IronFurnaces/]: Starting Update Check...
[21Jun2025 03:50:21.814] [modloading-worker-0/INFO] [com.aetherteam.cumulus.Cumulus/]: Disabling Cumulus as it is on server.
[21Jun2025 03:50:21.955] [modloading-worker-0/INFO] [Puzzles Lib/]: Constructing common components for visualworkbench:main
[21Jun2025 03:50:22.206] [modloading-worker-0/INFO] [Puzzles Lib/]: Constructing common components for respawninganimals:main
[21Jun2025 03:50:22.238] [modloading-worker-0/INFO] [net.minecraftforge.common.ForgeMod/FORGEMOD]: Forge mod loading, version 47.3.5, for MC 1.20.1 with MCP 20230612.114412
[21Jun2025 03:50:22.239] [modloading-worker-0/INFO] [net.minecraftforge.common.MinecraftForge/FORGE]: MinecraftForge v47.3.5 Initialized
[21Jun2025 03:50:22.402] [modloading-worker-0/INFO] [epicfight/]: Registered skill epicfight:epicfight:basic_attack
[21Jun2025 03:50:22.406] [modloading-worker-0/INFO] [epicfight/]: Registered skill epicfight:epicfight:air_attack
[21Jun2025 03:50:22.408] [modloading-worker-0/INFO] [epicfight/]: Registered skill epicfight:epicfight:roll
[21Jun2025 03:50:22.412] [modloading-worker-0/INFO] [epicfight/]: Registered skill epicfight:epicfight:step
[21Jun2025 03:50:22.414] [modloading-worker-0/INFO] [epicfight/]: Registered skill epicfight:epicfight:knockdown_wakeup
[21Jun2025 03:50:22.450] [modloading-worker-0/INFO] [epicfight/]: Registered skill epicfight:epicfight:guard
[21Jun2025 03:50:22.457] [modloading-worker-0/INFO] [epicfight/]: Registered skill epicfight:epicfight:parrying
[21Jun2025 03:50:22.485] [modloading-worker-0/INFO] [epicfight/]: Registered skill epicfight:epicfight:impact_guard
[21Jun2025 03:50:22.486] [modloading-worker-0/INFO] [epicfight/]: Registered skill epicfight:epicfight:berserker
[21Jun2025 03:50:22.499] [modloading-worker-0/INFO] [epicfight/]: Registered skill epicfight:epicfight:death_harvest
[21Jun2025 03:50:22.500] [modloading-worker-0/INFO] [epicfight/]: Registered skill epicfight:epicfight:emergency_escape
[21Jun2025 03:50:22.503] [modloading-worker-0/INFO] [epicfight/]: Registered skill epicfight:epicfight:endurance
[21Jun2025 03:50:22.505] [modloading-worker-0/INFO] [epicfight/]: Registered skill epicfight:epicfight:forbidden_strength
[21Jun2025 03:50:22.512] [modloading-worker-0/INFO] [epicfight/]: Registered skill epicfight:epicfight:hypervitality
[21Jun2025 03:50:22.513] [modloading-worker-0/INFO] [epicfight/]: Registered skill epicfight:epicfight:stamina_pillager
[21Jun2025 03:50:22.517] [modloading-worker-0/INFO] [epicfight/]: Registered skill epicfight:epicfight:swordmaster
[21Jun2025 03:50:22.521] [modloading-worker-0/INFO] [epicfight/]: Registered skill epicfight:epicfight:technician
[21Jun2025 03:50:22.536] [modloading-worker-0/INFO] [epicfight/]: Registered skill epicfight:epicfight:sweeping_edge
[21Jun2025 03:50:22.537] [modloading-worker-0/INFO] [epicfight/]: Registered skill epicfight:epicfight:dancing_edge
[21Jun2025 03:50:22.565] [modloading-worker-0/INFO] [epicfight/]: Registered skill epicfight:epicfight:the_guillotine
[21Jun2025 03:50:22.570] [modloading-worker-0/INFO] [epicfight/]: Registered skill epicfight:epicfight:grasping_spire
[21Jun2025 03:50:22.571] [modloading-worker-0/INFO] [epicfight/]: Registered skill epicfight:epicfight:heartpiercer
[21Jun2025 03:50:22.584] [modloading-worker-0/INFO] [epicfight/]: Registered skill epicfight:epicfight:steel_whirlwind
[21Jun2025 03:50:22.586] [modloading-worker-0/INFO] [epicfight/]: Registered skill epicfight:epicfight:battojutsu
[21Jun2025 03:50:22.694] [ Iron Furnaces Update Checker/INFO] [ironfurnaces.IronFurnaces/]: Update Check done!
[21Jun2025 03:50:22.699] [ Iron Furnaces Update Checker/INFO] [ironfurnaces.IronFurnaces/]: Iron Furnaces is up to date!
[21Jun2025 03:50:22.700] [modloading-worker-0/INFO] [epicfight/]: Registered skill epicfight:epicfight:battojutsu_passive
[21Jun2025 03:50:22.710] [modloading-worker-0/WARN] [Visuality/]: Visuality is installed on a dedicated server, skip loading...
[21Jun2025 03:50:22.718] [modloading-worker-0/INFO] [epicfight/]: Registered skill epicfight:epicfight:rushing_tempo
[21Jun2025 03:50:22.718] [modloading-worker-0/INFO] [epicfight/]: Registered skill epicfight:epicfight:relentless_combo
[21Jun2025 03:50:22.720] [modloading-worker-0/INFO] [epicfight/]: Registered skill epicfight:epicfight:liechtenauer
[21Jun2025 03:50:22.730] [modloading-worker-0/INFO] [epicfight/]: Registered skill epicfight:epicfight:sharp_stab
[21Jun2025 03:50:22.731] [modloading-worker-0/INFO] [epicfight/]: Registered skill epicfight:epicfight:eviscerate
[21Jun2025 03:50:22.804] [modloading-worker-0/INFO] [Puzzles Lib/]: Constructing common components for puzzleslib:main
[21Jun2025 03:50:22.858] [modloading-worker-0/INFO] [epicfight/]: Registered skill epicfight:epicfight:blade_rush
[21Jun2025 03:50:22.860] [modloading-worker-0/INFO] [epicfight/]: Registered skill epicfight:epicfight:wrathful_lighting
[21Jun2025 03:50:22.860] [modloading-worker-0/INFO] [epicfight/]: Registered skill epicfight:epicfight:tsunami
[21Jun2025 03:50:22.865] [modloading-worker-0/INFO] [epicfight/]: Registered skill epicfight:epicfight:everlasting_allegiance
[21Jun2025 03:50:22.877] [modloading-worker-0/INFO] [epicfight/]: Registered skill epicfight:epicfight:meteor_slam
[21Jun2025 03:50:22.888] [modloading-worker-0/INFO] [epicfight/]: Registered skill epicfight:epicfight:revelation
[21Jun2025 03:50:22.895] [modloading-worker-0/INFO] [epicfight/]: Registered skill epicfight:epicfight:demolition_leap
[21Jun2025 03:50:22.897] [modloading-worker-0/INFO] [epicfight/]: Registered skill epicfight:epicfight:phantom_ascent
[21Jun2025 03:50:23.534] [modloading-worker-0/INFO] [Bookshelf/]: Fixing MC-151457. Crafting remainder for minecraft:pufferfish_bucket is now minecraft:bucket.
[21Jun2025 03:50:23.535] [modloading-worker-0/INFO] [Bookshelf/]: Fixing MC-151457. Crafting remainder for minecraft:salmon_bucket is now minecraft:bucket.
[21Jun2025 03:50:23.535] [modloading-worker-0/INFO] [Bookshelf/]: Fixing MC-151457. Crafting remainder for minecraft:cod_bucket is now minecraft:bucket.
[21Jun2025 03:50:23.535] [modloading-worker-0/INFO] [Bookshelf/]: Fixing MC-151457. Crafting remainder for minecraft:tropical_fish_bucket is now minecraft:bucket.
[21Jun2025 03:50:23.535] [modloading-worker-0/INFO] [Bookshelf/]: Fixing MC-151457. Crafting remainder for minecraft:axolotl_bucket is now minecraft:bucket.
[21Jun2025 03:50:23.535] [modloading-worker-0/INFO] [Bookshelf/]: Fixing MC-151457. Crafting remainder for minecraft:powder_snow_bucket is now minecraft:bucket.
[21Jun2025 03:50:23.535] [modloading-worker-0/INFO] [Bookshelf/]: Fixing MC-151457. Crafting remainder for minecraft:tadpole_bucket is now minecraft:bucket.
[21Jun2025 03:50:23.598] [modloading-worker-0/INFO] [Puzzles Lib/]: Constructing common components for diagonalblocks:main
[21Jun2025 03:50:23.898] [modloading-worker-0/INFO] [Puzzles Lib/]: Constructing common components for diagonalwindows:main
[21Jun2025 03:50:23.947] [modloading-worker-0/INFO] [Collective/]: Loading Collective version 7.9.
[21Jun2025 03:50:24.113] [modloading-worker-0/INFO] [dev.architectury.networking.forge.NetworkManagerImpl/]: Registering C2S receiver with id architectury:sync_ids
[21Jun2025 03:50:24.146] [modloading-worker-0/INFO] [Animal Feeding Trough/]: [Animal Feeding Trough] Load Complete! Enjoy :D
[21Jun2025 03:50:24.215] [modloading-worker-0/INFO] [Puzzles Lib/]: Constructing common components for easymagic:main
[21Jun2025 03:50:24.222] [modloading-worker-0/ERROR] [net.minecraftforge.eventbus.EventSubclassTransformer/EVENTBUS]: Could not find parent net/minecraft/client/renderer/entity/layers/RenderLayer for class com/obscuria/obscureapi/client/renderer/PatreonLayer in classloader cpw.mods.modlauncher.TransformingClassLoader@10ba9780 on thread Thread[modloading-worker-0,5,main]
[21Jun2025 03:50:24.224] [modloading-worker-0/ERROR] [net.minecraftforge.eventbus.EventSubclassTransformer/EVENTBUS]: An error occurred building event handler
java.lang.ClassNotFoundException: net.minecraft.client.renderer.entity.layers.RenderLayer
	at cpw.mods.cl.ModuleClassLoader.loadClass(ModuleClassLoader.java:141) ~[securejarhandler-2.1.10.jar:?]
	at java.lang.ClassLoader.loadClass(ClassLoader.java:525) ~[?:?]
	at net.minecraftforge.eventbus.EventSubclassTransformer.buildEvents(EventSubclassTransformer.java:97) ~[eventbus-6.0.5.jar%2352!/:?]
	at net.minecraftforge.eventbus.EventSubclassTransformer.transform(EventSubclassTransformer.java:48) ~[eventbus-6.0.5.jar%2352!/:?]
	at net.minecraftforge.eventbus.EventBusEngine.processClass(EventBusEngine.java:26) ~[eventbus-6.0.5.jar%2352!/:?]
	at net.minecraftforge.eventbus.service.ModLauncherService.processClassWithFlags(ModLauncherService.java:32) ~[eventbus-6.0.5.jar%2352!/:6.0.5+6.0.5+master.eb8e549b]
	at cpw.mods.modlauncher.LaunchPluginHandler.offerClassNodeToPlugins(LaunchPluginHandler.java:88) ~[modlauncher-10.0.9.jar%2355!/:?]
	at cpw.mods.modlauncher.ClassTransformer.transform(ClassTransformer.java:120) ~[modlauncher-10.0.9.jar%2355!/:?]
	at cpw.mods.modlauncher.TransformingClassLoader.maybeTransformClassBytes(TransformingClassLoader.java:50) ~[modlauncher-10.0.9.jar%2355!/:?]
	at cpw.mods.cl.ModuleClassLoader.readerToClass(ModuleClassLoader.java:113) ~[securejarhandler-2.1.10.jar:?]
	at cpw.mods.cl.ModuleClassLoader.lambda$findClass$15(ModuleClassLoader.java:219) ~[securejarhandler-2.1.10.jar:?]
	at cpw.mods.cl.ModuleClassLoader.loadFromModule(ModuleClassLoader.java:229) ~[securejarhandler-2.1.10.jar:?]
	at cpw.mods.cl.ModuleClassLoader.findClass(ModuleClassLoader.java:219) ~[securejarhandler-2.1.10.jar:?]
	at cpw.mods.cl.ModuleClassLoader.loadClass(ModuleClassLoader.java:135) ~[securejarhandler-2.1.10.jar:?]
	at java.lang.ClassLoader.loadClass(ClassLoader.java:525) ~[?:?]
	at java.lang.ClassLoader.defineClass0(Native Method) ~[?:?]
	at java.lang.System$2.defineClass(System.java:2324) ~[?:?]
	at java.lang.invoke.MethodHandles$Lookup$ClassDefiner.defineClass(MethodHandles.java:2439) ~[?:?]
	at java.lang.invoke.MethodHandles$Lookup$ClassDefiner.defineClassAsLookup(MethodHandles.java:2420) ~[?:?]
	at java.lang.invoke.MethodHandles$Lookup.defineHiddenClass(MethodHandles.java:2127) ~[?:?]
	at java.lang.invoke.InnerClassLambdaMetafactory.generateInnerClass(InnerClassLambdaMetafactory.java:407) ~[?:?]
	at java.lang.invoke.InnerClassLambdaMetafactory.spinInnerClass(InnerClassLambdaMetafactory.java:315) ~[?:?]
	at java.lang.invoke.InnerClassLambdaMetafactory.buildCallSite(InnerClassLambdaMetafactory.java:228) ~[?:?]
	at java.lang.invoke.LambdaMetafactory.metafactory(LambdaMetafactory.java:341) ~[?:?]
	at java.lang.invoke.BootstrapMethodInvoker.invoke(BootstrapMethodInvoker.java:134) ~[?:?]
	at java.lang.invoke.CallSite.makeSite(CallSite.java:315) ~[?:?]
	at java.lang.invoke.MethodHandleNatives.linkCallSiteImpl(MethodHandleNatives.java:281) ~[?:?]
	at java.lang.invoke.MethodHandleNatives.linkCallSite(MethodHandleNatives.java:271) ~[?:?]
	at com.obscuria.obscureapi.client.renderer.PatreonLayer$Mode.<clinit>(PatreonLayer.java:55) ~[obscure_api-15.jar%23342!/:com.obscuria]
	at com.obscuria.obscureapi.ObscureAPIConfig$Client.<clinit>(ObscureAPIConfig.java:28) ~[obscure_api-15.jar%23342!/:com.obscuria]
	at com.obscuria.obscureapi.ObscureAPIConfig.register(ObscureAPIConfig.java:46) ~[obscure_api-15.jar%23342!/:com.obscuria]
	at com.obscuria.obscureapi.ObscureAPI.<init>(ObscureAPI.java:69) ~[obscure_api-15.jar%23342!/:com.obscuria]
	at jdk.internal.reflect.NativeConstructorAccessorImpl.newInstance0(Native Method) ~[?:?]
	at jdk.internal.reflect.NativeConstructorAccessorImpl.newInstance(NativeConstructorAccessorImpl.java:77) ~[?:?]
	at jdk.internal.reflect.DelegatingConstructorAccessorImpl.newInstance(DelegatingConstructorAccessorImpl.java:45) ~[?:?]
	at java.lang.reflect.Constructor.newInstanceWithCaller(Constructor.java:500) ~[?:?]
	at java.lang.reflect.Constructor.newInstance(Constructor.java:481) ~[?:?]
	at net.minecraftforge.fml.javafmlmod.FMLModContainer.constructMod(FMLModContainer.java:70) ~[javafmllanguage-1.20.1-47.3.5.jar%23409!/:?]
	at net.minecraftforge.fml.ModContainer.lambda$buildTransitionHandler$4(ModContainer.java:124) ~[fmlcore-1.20.1-47.3.5.jar%23408!/:?]
	at java.util.concurrent.CompletableFuture$AsyncRun.run(CompletableFuture.java:1804) ~[?:?]
	at java.util.concurrent.CompletableFuture$AsyncRun.exec(CompletableFuture.java:1796) ~[?:?]
	at java.util.concurrent.ForkJoinTask.doExec(ForkJoinTask.java:373) ~[?:?]
	at java.util.concurrent.ForkJoinPool$WorkQueue.topLevelExec(ForkJoinPool.java:1182) ~[?:?]
	at java.util.concurrent.ForkJoinPool.scan(ForkJoinPool.java:1655) ~[?:?]
	at java.util.concurrent.ForkJoinPool.runWorker(ForkJoinPool.java:1622) ~[?:?]
	at java.util.concurrent.ForkJoinWorkerThread.run(ForkJoinWorkerThread.java:165) ~[?:?]
[21Jun2025 03:50:24.229] [modloading-worker-0/ERROR] [net.minecraftforge.fml.loading.RuntimeDistCleaner/DISTXFORM]: Attempted to load class com/obscuria/obscureapi/client/renderer/PatreonLayer for invalid dist DEDICATED_SERVER
[21Jun2025 03:50:24.352] [modloading-worker-0/INFO] [coroutil/]: fabric loader environment detected
[21Jun2025 03:50:24.355] [modloading-worker-0/ERROR] [coroutil/]: ERROR: makeLoaderSpecificConfigData not implemented for active loader
[21Jun2025 03:50:24.357] [modloading-worker-0/ERROR] [coroutil/]: ERROR: makeLoaderSpecificConfigData not implemented for active loader
[21Jun2025 03:50:24.492] [modloading-worker-0/INFO] [azurelib/FileWatching]: Registered azurelib config for auto-sync function
[21Jun2025 03:50:24.738] [modloading-worker-0/INFO] [Puzzles Lib/]: Constructing common components for diagonalfences:main
[21Jun2025 03:50:24.763] [modloading-worker-0/ERROR] [coroutil/]: ERROR: makeLoaderSpecificConfigData not implemented for active loader
[21Jun2025 03:50:24.870] [modloading-worker-0/INFO] [YetAnotherConfigLib/]: Deserializing YACLConfig from '/workspaces/SERVEEER/servidor_minecraft/config/yacl.json5'
[21Jun2025 03:50:24.886] [modloading-worker-0/INFO] [me.treyruffy.betterf3.BetterF3Forge/]: [BetterF3] Starting...
[21Jun2025 03:50:24.887] [modloading-worker-0/WARN] [me.treyruffy.betterf3.BetterF3Forge/]: [BetterF3] Not supported on dedicated server!
[21Jun2025 03:50:25.203] [main/INFO] [net.minecraft.resources.RegistryDataLoader/]: Capturing existing worldgen registries
[21Jun2025 03:50:25.203] [main/INFO] [net.minecraft.resources.RegistryDataLoader/]: Found 0 injected RegistryDataLoader worldgen registries
[21Jun2025 03:50:25.268] [main/WARN] [net.minecraftforge.registries.ForgeRegistry/REGISTRIES]: Registry minecraft:sound_event: The object net.minecraft.sounds.SoundEvent@7aaed8a0 has been registered twice for the same name treechop:chop_wood.
[21Jun2025 03:50:25.431] [main/INFO] [Diagonal Blocks/]: Constructing shapes for ForgeDiagonalStainedGlassPaneBlock[NodeWidth=1.0,ExtensionWidth=1.0,NodeTop=16.0,ExtensionBottom=0.0,ExtensionTop=16.0] took 51ms
[21Jun2025 03:50:25.976] [main/INFO] [Diagonal Blocks/]: Constructing shapes for ForgeDiagonalFenceBlock[NodeWidth=2.0,ExtensionWidth=2.0,NodeTop=24.0,ExtensionBottom=0.0,ExtensionTop=24.0] took 25ms
[21Jun2025 03:50:26.003] [main/INFO] [Diagonal Blocks/]: Constructing shapes for ForgeDiagonalFenceBlock[NodeWidth=2.0,ExtensionWidth=2.0,NodeTop=16.0,ExtensionBottom=0.0,ExtensionTop=16.0] took 26ms
[21Jun2025 03:50:26.062] [main/INFO] [Diagonal Blocks/]: Constructing shapes for ForgeDiagonalFenceBlock[NodeWidth=2.0,ExtensionWidth=1.0,NodeTop=16.0,ExtensionBottom=6.0,ExtensionTop=15.0] took 57ms
[21Jun2025 03:50:27.477] [main/INFO] [Moonlight/]: Initialized block sets in 33ms
[21Jun2025 03:50:29.381] [main/WARN] [net.minecraftforge.common.ForgeConfigSpec/CORE]: Configuration file /workspaces/SERVEEER/servidor_minecraft/config/unusualprehistory-common.toml is not correct. Correcting
[21Jun2025 03:50:29.382] [main/WARN] [net.minecraftforge.common.ForgeConfigSpec/CORE]: Incorrect key brachi_sound_volume was corrected from 3.0 to its default, 3.0. 
[21Jun2025 03:50:29.383] [main/WARN] [net.minecraftforge.common.ForgeConfigSpec/CORE]: Incorrect key brachi_teen_sound_volume was corrected from 1.5 to its default, 1.5. 
[21Jun2025 03:50:29.383] [main/WARN] [net.minecraftforge.common.ForgeConfigSpec/CORE]: Incorrect key rex_sound_volume was corrected from 0.5 to its default, 0.5. 
[21Jun2025 03:50:29.385] [Thread-3/WARN] [net.minecraftforge.fml.config.ConfigFileTypeHandler/CONFIG]: Configuration file /workspaces/SERVEEER/servidor_minecraft/config/unusualprehistory-common.toml is not correct. Correcting
[21Jun2025 03:50:29.658] [Forge Version Check/INFO] [net.minecraftforge.fml.VersionChecker/]: [easyanvils] Starting version check at https://raw.githubusercontent.com/Fuzss/modresources/main/update/easyanvils.json
[21Jun2025 03:50:29.807] [modloading-worker-0/INFO] [net.tschipcraft.make_bubbles_pop.MakeBubblesPop/]: Make Bubbles Pop by Tschipcraft initialized!
[21Jun2025 03:50:29.846] [modloading-worker-0/INFO] [terrablender/]: Registered region minecraft:overworld to index 0 for type OVERWORLD
[21Jun2025 03:50:29.849] [modloading-worker-0/INFO] [terrablender/]: Registered region minecraft:nether to index 0 for type NETHER
[21Jun2025 03:50:29.849] [modloading-worker-0/INFO] [terrablender/]: Registered region regions_unexplored:primary to index 1 for type OVERWORLD
[21Jun2025 03:50:29.849] [modloading-worker-0/INFO] [terrablender/]: Registered region regions_unexplored:secondary to index 2 for type OVERWORLD
[21Jun2025 03:50:29.850] [modloading-worker-0/INFO] [terrablender/]: Registered region regions_unexplored:nether to index 1 for type NETHER
[21Jun2025 03:50:29.858] [modloading-worker-0/INFO] [com.betterchunkloading.BetterChunkLoading/]: betterchunkloading mod initialized
[21Jun2025 03:50:29.913] [Forge Version Check/INFO] [net.minecraftforge.fml.VersionChecker/]: [easyanvils] Found status: OUTDATED Current: 8.0.1 Target: 8.0.2
[21Jun2025 03:50:29.913] [Forge Version Check/INFO] [net.minecraftforge.fml.VersionChecker/]: [mcwwindows] Starting version check at https://raw.githubusercontent.com/sketchmacaw/macawsmods/master/window.json
[21Jun2025 03:50:29.925] [Forge Version Check/INFO] [net.minecraftforge.fml.VersionChecker/]: [mcwwindows] Found status: OUTDATED Current: 2.2.0 Target: 2.3.0
[21Jun2025 03:50:29.925] [Forge Version Check/INFO] [net.minecraftforge.fml.VersionChecker/]: [guardvillagers] Starting version check at https://raw.githubusercontent.com/seymourimadeit/guardvillagers/master/update.json
[21Jun2025 03:50:29.934] [Forge Version Check/INFO] [net.minecraftforge.fml.VersionChecker/]: [guardvillagers] Found status: BETA Current: 1.20.1-1.6.3 Target: 1.20-1.6.5
[21Jun2025 03:50:29.935] [Forge Version Check/INFO] [net.minecraftforge.fml.VersionChecker/]: [pickupnotifier] Starting version check at https://raw.githubusercontent.com/Fuzss/modresources/main/update/pickupnotifier.json
[21Jun2025 03:50:29.949] [Forge Version Check/INFO] [net.minecraftforge.fml.VersionChecker/]: [pickupnotifier] Found status: UP_TO_DATE Current: 8.0.0 Target: null
[21Jun2025 03:50:29.950] [Forge Version Check/INFO] [net.minecraftforge.fml.VersionChecker/]: [sound_physics_remastered] Starting version check at https://update.maxhenkel.de/forge/sound_physics_remastered
[21Jun2025 03:50:29.997] [main/INFO] [com.tiviacz.travelersbackpack.TravelersBackpack/]: Registered the FluidEffect with Unique ID of minecraft:water for Water (Fluid Amount Required: 1000) with the ID 0
[21Jun2025 03:50:29.998] [main/INFO] [com.tiviacz.travelersbackpack.TravelersBackpack/]: Registered the FluidEffect with Unique ID of minecraft:lava for Lava (Fluid Amount Required: 1000) with the ID 1
[21Jun2025 03:50:29.998] [main/INFO] [com.tiviacz.travelersbackpack.TravelersBackpack/]: Registered the FluidEffect with Unique ID of travelersbackpack:potion for Uncraftable Potion (Fluid Amount Required: 250) with the ID 2
[21Jun2025 03:50:29.998] [main/INFO] [com.tiviacz.travelersbackpack.TravelersBackpack/]: Registered the FluidEffect with Unique ID of minecraft:milk for Milk (Fluid Amount Required: 1000) with the ID 3
[21Jun2025 03:50:30.144] [main/INFO] [journeymap/]: Initializing Packet Registries
[21Jun2025 03:50:30.240] [main/INFO] [Moonlight/]: Initialized color sets in 42ms
[21Jun2025 03:50:30.308] [modloading-worker-0/INFO] [epicfight/]: Start animation registration of epicfight
[21Jun2025 03:50:30.309] [modloading-worker-0/INFO] [epicfight/]: Assigned animation id 0 to biped/living/idle
[21Jun2025 03:50:30.309] [modloading-worker-0/INFO] [epicfight/]: Assigned animation id 1 to biped/living/walk
[21Jun2025 03:50:30.309] [modloading-worker-0/INFO] [epicfight/]: Assigned animation id 2 to biped/living/fly
[21Jun2025 03:50:30.310] [modloading-worker-0/INFO] [epicfight/]: Assigned animation id 3 to biped/living/creative_idle
[21Jun2025 03:50:30.310] [modloading-worker-0/INFO] [epicfight/]: Assigned animation id 4 to biped/living/creative_fly
[21Jun2025 03:50:30.316] [modloading-worker-0/INFO] [epicfight/]: Assigned animation id 5 to biped/living/creative_fly_backward
[21Jun2025 03:50:30.317] [modloading-worker-0/INFO] [epicfight/]: Assigned animation id 6 to 
[21Jun2025 03:50:30.318] [modloading-worker-0/INFO] [epicfight/]: Assigned animation id 7 to biped/living/hold_crossbow
[21Jun2025 03:50:30.318] [modloading-worker-0/INFO] [epicfight/]: Assigned animation id 8 to biped/living/hold_map_twohand
[21Jun2025 03:50:30.318] [modloading-worker-0/INFO] [epicfight/]: Assigned animation id 9 to biped/living/hold_map_offhand
[21Jun2025 03:50:30.318] [modloading-worker-0/INFO] [epicfight/]: Assigned animation id 10 to biped/living/hold_map_mainhand
[21Jun2025 03:50:30.318] [modloading-worker-0/INFO] [epicfight/]: Assigned animation id 11 to biped/living/hold_map_twohand_move
[21Jun2025 03:50:30.318] [modloading-worker-0/INFO] [epicfight/]: Assigned animation id 12 to biped/living/hold_map_offhand_move
[21Jun2025 03:50:30.318] [modloading-worker-0/INFO] [epicfight/]: Assigned animation id 13 to biped/living/hold_map_mainhand_move
[21Jun2025 03:50:30.319] [modloading-worker-0/INFO] [epicfight/]: Assigned animation id 14 to biped/living/run
[21Jun2025 03:50:30.319] [modloading-worker-0/INFO] [epicfight/]: Assigned animation id 15 to biped/living/sneak
[21Jun2025 03:50:30.319] [modloading-worker-0/INFO] [epicfight/]: Assigned animation id 16 to biped/living/swim
[21Jun2025 03:50:30.319] [modloading-worker-0/INFO] [epicfight/]: Assigned animation id 17 to biped/living/float
[21Jun2025 03:50:30.319] [modloading-worker-0/INFO] [epicfight/]: Assigned animation id 18 to biped/living/kneel
[21Jun2025 03:50:30.319] [modloading-worker-0/INFO] [epicfight/]: Assigned animation id 19 to biped/living/fall
[21Jun2025 03:50:30.319] [modloading-worker-0/INFO] [epicfight/]: Assigned animation id 20 to biped/living/mount
[21Jun2025 03:50:30.319] [modloading-worker-0/INFO] [epicfight/]: Assigned animation id 21 to biped/living/sit
[21Jun2025 03:50:30.320] [modloading-worker-0/INFO] [epicfight/]: Assigned animation id 22 to biped/living/dig
[21Jun2025 03:50:30.320] [modloading-worker-0/INFO] [epicfight/]: Assigned animation id 23 to biped/living/dig_offhand
[21Jun2025 03:50:30.320] [modloading-worker-0/INFO] [epicfight/]: Assigned animation id 24 to 
[21Jun2025 03:50:30.320] [modloading-worker-0/INFO] [epicfight/]: Assigned animation id 25 to biped/combat/bow_aim_mid
[21Jun2025 03:50:30.321] [modloading-worker-0/INFO] [epicfight/]: Assigned animation id 26 to biped/combat/bow_shot_mid
[21Jun2025 03:50:30.323] [modloading-worker-0/INFO] [epicfight/]: Assigned animation id 27 to biped/living/drink
[21Jun2025 03:50:30.323] [modloading-worker-0/INFO] [epicfight/]: Assigned animation id 28 to biped/living/drink
[21Jun2025 03:50:30.323] [modloading-worker-0/INFO] [epicfight/]: Assigned animation id 29 to biped/living/drink_offhand
[21Jun2025 03:50:30.323] [modloading-worker-0/INFO] [epicfight/]: Assigned animation id 30 to biped/living/eat
[21Jun2025 03:50:30.324] [modloading-worker-0/INFO] [epicfight/]: Assigned animation id 31 to biped/living/eat
[21Jun2025 03:50:30.324] [modloading-worker-0/INFO] [epicfight/]: Assigned animation id 32 to biped/living/eat_offhand
[21Jun2025 03:50:30.324] [modloading-worker-0/INFO] [epicfight/]: Assigned animation id 33 to biped/living/spyglass
[21Jun2025 03:50:30.324] [modloading-worker-0/INFO] [epicfight/]: Assigned animation id 34 to biped/living/spyglass
[21Jun2025 03:50:30.324] [modloading-worker-0/INFO] [epicfight/]: Assigned animation id 35 to biped/living/spyglass_offhand
[21Jun2025 03:50:30.325] [modloading-worker-0/INFO] [epicfight/]: Assigned animation id 36 to biped/combat/crossbow_aim_mid
[21Jun2025 03:50:30.325] [modloading-worker-0/INFO] [epicfight/]: Assigned animation id 37 to biped/combat/crossbow_shot_mid
[21Jun2025 03:50:30.325] [modloading-worker-0/INFO] [epicfight/]: Assigned animation id 38 to biped/combat/crossbow_reload
[21Jun2025 03:50:30.325] [modloading-worker-0/INFO] [epicfight/]: Assigned animation id 39 to biped/living/jump
[21Jun2025 03:50:30.325] [modloading-worker-0/INFO] [epicfight/]: Assigned animation id 40 to biped/living/run_spear
[21Jun2025 03:50:30.325] [modloading-worker-0/INFO] [epicfight/]: Assigned animation id 41 to biped/living/shield
[21Jun2025 03:50:30.325] [modloading-worker-0/INFO] [epicfight/]: Assigned animation id 42 to biped/living/shield
[21Jun2025 03:50:30.326] [modloading-worker-0/INFO] [epicfight/]: Assigned animation id 43 to biped/living/shield_mirror
[21Jun2025 03:50:30.326] [modloading-worker-0/INFO] [epicfight/]: Assigned animation id 44 to biped/living/hold_greatsword
[21Jun2025 03:50:30.326] [modloading-worker-0/INFO] [epicfight/]: Assigned animation id 45 to biped/living/hold_uchigatana_sheath
[21Jun2025 03:50:30.326] [modloading-worker-0/INFO] [epicfight/]: Assigned animation id 46 to biped/living/hold_uchigatana
[21Jun2025 03:50:30.326] [modloading-worker-0/INFO] [epicfight/]: Assigned animation id 47 to biped/living/hold_tachi
[21Jun2025 03:50:30.326] [modloading-worker-0/INFO] [epicfight/]: Assigned animation id 48 to biped/living/hold_longsword
[21Jun2025 03:50:30.326] [modloading-worker-0/INFO] [epicfight/]: Assigned animation id 49 to biped/living/hold_spear
[21Jun2025 03:50:30.326] [modloading-worker-0/INFO] [epicfight/]: Assigned animation id 50 to biped/living/hold_dual
[21Jun2025 03:50:30.327] [modloading-worker-0/INFO] [epicfight/]: Assigned animation id 51 to biped/living/hold_liechtenauer
[21Jun2025 03:50:30.327] [modloading-worker-0/INFO] [epicfight/]: Assigned animation id 52 to biped/living/walk_greatsword
[21Jun2025 03:50:30.327] [modloading-worker-0/INFO] [epicfight/]: Assigned animation id 53 to biped/living/walk_spear
[21Jun2025 03:50:30.327] [modloading-worker-0/INFO] [epicfight/]: Assigned animation id 54 to biped/living/walk_uchigatana_sheath
[21Jun2025 03:50:30.327] [modloading-worker-0/INFO] [epicfight/]: Assigned animation id 55 to biped/living/walk_uchigatana
[21Jun2025 03:50:30.327] [modloading-worker-0/INFO] [epicfight/]: Assigned animation id 56 to biped/living/walk_twohand
[21Jun2025 03:50:30.327] [modloading-worker-0/INFO] [epicfight/]: Assigned animation id 57 to biped/living/walk_longsword
[21Jun2025 03:50:30.327] [modloading-worker-0/INFO] [epicfight/]: Assigned animation id 58 to biped/living/walk_liechtenauer
[21Jun2025 03:50:30.327] [modloading-worker-0/INFO] [epicfight/]: Assigned animation id 59 to biped/living/run_greatsword
[21Jun2025 03:50:30.328] [modloading-worker-0/INFO] [epicfight/]: Assigned animation id 60 to biped/living/run_uchigatana
[21Jun2025 03:50:30.328] [modloading-worker-0/INFO] [epicfight/]: Assigned animation id 61 to biped/living/run_uchigatana_sheath
[21Jun2025 03:50:30.328] [modloading-worker-0/INFO] [epicfight/]: Assigned animation id 62 to biped/living/run_dual
[21Jun2025 03:50:30.328] [modloading-worker-0/INFO] [epicfight/]: Assigned animation id 63 to biped/living/run_longsword
[21Jun2025 03:50:30.328] [modloading-worker-0/INFO] [epicfight/]: Assigned animation id 64 to biped/living/uchigatana_scrap
[21Jun2025 03:50:30.330] [modloading-worker-0/INFO] [epicfight/]: Assigned animation id 65 to biped/living/liechtenauer_ready
[21Jun2025 03:50:30.330] [modloading-worker-0/INFO] [epicfight/]: Assigned animation id 66 to biped/combat/hit_shield
[21Jun2025 03:50:30.330] [modloading-worker-0/INFO] [epicfight/]: Assigned animation id 67 to biped/combat/hit_shield
[21Jun2025 03:50:30.330] [modloading-worker-0/INFO] [epicfight/]: Assigned animation id 68 to biped/combat/hit_shield_mirror
[21Jun2025 03:50:30.331] [modloading-worker-0/INFO] [epicfight/]: Assigned animation id 69 to biped/living/climb
[21Jun2025 03:50:30.331] [modloading-worker-0/INFO] [epicfight/]: Assigned animation id 70 to biped/living/sleep
[21Jun2025 03:50:30.331] [modloading-worker-0/INFO] [epicfight/]: Assigned animation id 71 to biped/combat/javelin_aim_mid
[21Jun2025 03:50:30.331] [modloading-worker-0/INFO] [epicfight/]: Assigned animation id 72 to biped/combat/javelin_throw_mid
[21Jun2025 03:50:30.331] [modloading-worker-0/INFO] [epicfight/]: Assigned animation id 73 to off_highest
[21Jun2025 03:50:30.331] [modloading-worker-0/INFO] [epicfight/]: Assigned animation id 74 to off_middle
[21Jun2025 03:50:30.331] [modloading-worker-0/INFO] [epicfight/]: Assigned animation id 75 to zombie/idle
[21Jun2025 03:50:30.332] [modloading-worker-0/INFO] [epicfight/]: Assigned animation id 76 to zombie/walk
[21Jun2025 03:50:30.332] [modloading-worker-0/INFO] [epicfight/]: Assigned animation id 77 to zombie/chase
[21Jun2025 03:50:30.332] [modloading-worker-0/INFO] [epicfight/]: Assigned animation id 78 to creeper/idle
[21Jun2025 03:50:30.332] [modloading-worker-0/INFO] [epicfight/]: Assigned animation id 79 to creeper/walk
[21Jun2025 03:50:30.332] [modloading-worker-0/INFO] [epicfight/]: Assigned animation id 80 to enderman/idle
[21Jun2025 03:50:30.332] [modloading-worker-0/INFO] [epicfight/]: Assigned animation id 81 to enderman/walk
[21Jun2025 03:50:30.332] [modloading-worker-0/INFO] [epicfight/]: Assigned animation id 82 to enderman/rage_idle
[21Jun2025 03:50:30.332] [modloading-worker-0/INFO] [epicfight/]: Assigned animation id 83 to enderman/rage_walk
[21Jun2025 03:50:30.333] [modloading-worker-0/INFO] [epicfight/]: Assigned animation id 84 to wither_skeleton/walk
[21Jun2025 03:50:30.333] [modloading-worker-0/INFO] [epicfight/]: Assigned animation id 85 to wither_skeleton/chase
[21Jun2025 03:50:30.333] [modloading-worker-0/INFO] [epicfight/]: Assigned animation id 86 to wither_skeleton/idle
[21Jun2025 03:50:30.334] [modloading-worker-0/INFO] [epicfight/]: Assigned animation id 87 to wither_skeleton/special_spawn
[21Jun2025 03:50:30.334] [modloading-worker-0/INFO] [epicfight/]: Assigned animation id 88 to spider/idle
[21Jun2025 03:50:30.334] [modloading-worker-0/INFO] [epicfight/]: Assigned animation id 89 to spider/crawl
[21Jun2025 03:50:30.334] [modloading-worker-0/INFO] [epicfight/]: Assigned animation id 90 to iron_golem/idle
[21Jun2025 03:50:30.334] [modloading-worker-0/INFO] [epicfight/]: Assigned animation id 91 to iron_golem/walk
[21Jun2025 03:50:30.334] [modloading-worker-0/INFO] [epicfight/]: Assigned animation id 92 to hoglin/idle
[21Jun2025 03:50:30.334] [modloading-worker-0/INFO] [epicfight/]: Assigned animation id 93 to hoglin/walk
[21Jun2025 03:50:30.334] [modloading-worker-0/INFO] [epicfight/]: Assigned animation id 94 to illager/idle
[21Jun2025 03:50:30.335] [modloading-worker-0/INFO] [epicfight/]: Assigned animation id 95 to illager/walk
[21Jun2025 03:50:30.335] [modloading-worker-0/INFO] [epicfight/]: Assigned animation id 96 to illager/idle_aggressive
[21Jun2025 03:50:30.335] [modloading-worker-0/INFO] [epicfight/]: Assigned animation id 97 to illager/chase
[21Jun2025 03:50:30.335] [modloading-worker-0/INFO] [epicfight/]: Assigned animation id 98 to illager/spellcast
[21Jun2025 03:50:30.335] [modloading-worker-0/INFO] [epicfight/]: Assigned animation id 99 to ravager/idle
[21Jun2025 03:50:30.335] [modloading-worker-0/INFO] [epicfight/]: Assigned animation id 100 to ravager/walk
[21Jun2025 03:50:30.335] [modloading-worker-0/INFO] [epicfight/]: Assigned animation id 101 to vex/idle
[21Jun2025 03:50:30.335] [modloading-worker-0/INFO] [epicfight/]: Assigned animation id 102 to vex/flip
[21Jun2025 03:50:30.336] [modloading-worker-0/INFO] [epicfight/]: Assigned animation id 103 to piglin/idle
[21Jun2025 03:50:30.336] [modloading-worker-0/INFO] [epicfight/]: Assigned animation id 104 to piglin/walk
[21Jun2025 03:50:30.336] [modloading-worker-0/INFO] [epicfight/]: Assigned animation id 105 to piglin/zombified_idle
[21Jun2025 03:50:30.336] [modloading-worker-0/INFO] [epicfight/]: Assigned animation id 106 to piglin/zombified_walk
[21Jun2025 03:50:30.336] [modloading-worker-0/INFO] [epicfight/]: Assigned animation id 107 to piglin/zombified_chase
[21Jun2025 03:50:30.337] [modloading-worker-0/INFO] [epicfight/]: Assigned animation id 108 to piglin/celebrate1
[21Jun2025 03:50:30.337] [modloading-worker-0/INFO] [epicfight/]: Assigned animation id 109 to piglin/celebrate2
[21Jun2025 03:50:30.337] [modloading-worker-0/INFO] [epicfight/]: Assigned animation id 110 to piglin/celebrate3
[21Jun2025 03:50:30.337] [modloading-worker-0/INFO] [epicfight/]: Assigned animation id 111 to piglin/admire
[21Jun2025 03:50:30.337] [modloading-worker-0/INFO] [epicfight/]: Assigned animation id 112 to wither/idle
[21Jun2025 03:50:30.337] [modloading-worker-0/INFO] [epicfight/]: Assigned animation id 113 to biped/skill/guard_spear
[21Jun2025 03:50:30.337] [modloading-worker-0/INFO] [epicfight/]: Assigned animation id 114 to biped/skill/guard_sword
[21Jun2025 03:50:30.337] [modloading-worker-0/INFO] [epicfight/]: Assigned animation id 115 to biped/skill/guard_dualsword
[21Jun2025 03:50:30.337] [modloading-worker-0/INFO] [epicfight/]: Assigned animation id 116 to biped/skill/guard_greatsword
[21Jun2025 03:50:30.337] [modloading-worker-0/INFO] [epicfight/]: Assigned animation id 117 to biped/skill/guard_uchigatana
[21Jun2025 03:50:30.337] [modloading-worker-0/INFO] [epicfight/]: Assigned animation id 118 to biped/skill/guard_longsword
[21Jun2025 03:50:30.337] [modloading-worker-0/INFO] [epicfight/]: Assigned animation id 119 to biped/skill/steel_whirlwind_charging
[21Jun2025 03:50:30.338] [modloading-worker-0/INFO] [epicfight/]: Assigned animation id 120 to biped/skill/roll_forward
[21Jun2025 03:50:30.338] [modloading-worker-0/INFO] [epicfight/]: Assigned animation id 121 to biped/skill/roll_backward
[21Jun2025 03:50:30.338] [modloading-worker-0/INFO] [epicfight/]: Assigned animation id 122 to biped/skill/step_forward
[21Jun2025 03:50:30.338] [modloading-worker-0/INFO] [epicfight/]: Assigned animation id 123 to biped/skill/step_backward
[21Jun2025 03:50:30.338] [modloading-worker-0/INFO] [epicfight/]: Assigned animation id 124 to biped/skill/step_left
[21Jun2025 03:50:30.338] [modloading-worker-0/INFO] [epicfight/]: Assigned animation id 125 to biped/skill/step_right
[21Jun2025 03:50:30.339] [modloading-worker-0/INFO] [epicfight/]: Assigned animation id 126 to biped/skill/knockdown_wakeup_left
[21Jun2025 03:50:30.339] [modloading-worker-0/INFO] [epicfight/]: Assigned animation id 127 to biped/skill/knockdown_wakeup_right
[21Jun2025 03:50:30.339] [modloading-worker-0/INFO] [epicfight/]: Assigned animation id 128 to biped/skill/demolition_leap_charge
[21Jun2025 03:50:30.339] [modloading-worker-0/INFO] [epicfight/]: Assigned animation id 129 to biped/skill/demolition_leap
[21Jun2025 03:50:30.339] [modloading-worker-0/INFO] [epicfight/]: Assigned animation id 130 to biped/skill/phantom_ascent_forward
[21Jun2025 03:50:30.340] [modloading-worker-0/INFO] [epicfight/]: Assigned animation id 131 to biped/skill/phantom_ascent_backward
[21Jun2025 03:50:30.343] [modloading-worker-0/INFO] [epicfight/]: Assigned animation id 132 to biped/combat/fist_auto1
[21Jun2025 03:50:30.347] [modloading-worker-0/INFO] [epicfight/]: Assigned animation id 133 to biped/combat/fist_auto2
[21Jun2025 03:50:30.348] [modloading-worker-0/INFO] [epicfight/]: Assigned animation id 134 to biped/combat/fist_auto3
[21Jun2025 03:50:30.348] [modloading-worker-0/INFO] [epicfight/]: Assigned animation id 135 to biped/combat/fist_dash
[21Jun2025 03:50:30.349] [modloading-worker-0/INFO] [epicfight/]: Assigned animation id 136 to biped/combat/sword_auto1
[21Jun2025 03:50:30.349] [modloading-worker-0/INFO] [epicfight/]: Assigned animation id 137 to biped/combat/sword_auto2
[21Jun2025 03:50:30.349] [modloading-worker-0/INFO] [epicfight/]: Assigned animation id 138 to biped/combat/sword_auto3
[21Jun2025 03:50:30.349] [modloading-worker-0/INFO] [epicfight/]: Assigned animation id 139 to biped/combat/sword_dash
[21Jun2025 03:50:30.350] [modloading-worker-0/INFO] [epicfight/]: Assigned animation id 140 to biped/combat/greatsword_auto1
[21Jun2025 03:50:30.350] [modloading-worker-0/INFO] [epicfight/]: Assigned animation id 141 to biped/combat/greatsword_auto2
[21Jun2025 03:50:30.350] [modloading-worker-0/INFO] [epicfight/]: Assigned animation id 142 to biped/combat/greatsword_dash
[21Jun2025 03:50:30.351] [modloading-worker-0/INFO] [epicfight/]: Assigned animation id 143 to biped/combat/spear_onehand_auto
[21Jun2025 03:50:30.351] [modloading-worker-0/INFO] [epicfight/]: Assigned animation id 144 to biped/combat/spear_twohand_auto1
[21Jun2025 03:50:30.351] [modloading-worker-0/INFO] [epicfight/]: Assigned animation id 145 to biped/combat/spear_twohand_auto2
[21Jun2025 03:50:30.351] [modloading-worker-0/INFO] [epicfight/]: Assigned animation id 146 to biped/combat/spear_dash
[21Jun2025 03:50:30.351] [modloading-worker-0/INFO] [epicfight/]: Assigned animation id 147 to 136
[21Jun2025 03:50:30.352] [modloading-worker-0/INFO] [epicfight/]: Assigned animation id 148 to biped/combat/sword_auto4
[21Jun2025 03:50:30.352] [modloading-worker-0/INFO] [epicfight/]: Assigned animation id 149 to biped/combat/tool_dash
[21Jun2025 03:50:30.352] [modloading-worker-0/INFO] [epicfight/]: Assigned animation id 150 to biped/combat/axe_dash
[21Jun2025 03:50:30.352] [modloading-worker-0/INFO] [epicfight/]: Assigned animation id 151 to biped/combat/sword_dual_auto1
[21Jun2025 03:50:30.352] [modloading-worker-0/INFO] [epicfight/]: Assigned animation id 152 to biped/combat/sword_dual_auto2
[21Jun2025 03:50:30.352] [modloading-worker-0/INFO] [epicfight/]: Assigned animation id 153 to biped/combat/sword_dual_auto3
[21Jun2025 03:50:30.353] [modloading-worker-0/INFO] [epicfight/]: Assigned animation id 154 to biped/combat/sword_dual_dash
[21Jun2025 03:50:30.353] [modloading-worker-0/INFO] [epicfight/]: Assigned animation id 155 to biped/combat/uchigatana_auto1
[21Jun2025 03:50:30.353] [modloading-worker-0/INFO] [epicfight/]: Assigned animation id 156 to biped/combat/uchigatana_auto2
[21Jun2025 03:50:30.353] [modloading-worker-0/INFO] [epicfight/]: Assigned animation id 157 to biped/combat/uchigatana_auto3
[21Jun2025 03:50:30.353] [modloading-worker-0/INFO] [epicfight/]: Assigned animation id 158 to biped/combat/uchigatana_dash
[21Jun2025 03:50:30.357] [modloading-worker-0/INFO] [epicfight/]: Assigned animation id 159 to biped/combat/uchigatana_sheath_auto
[21Jun2025 03:50:30.358] [modloading-worker-0/INFO] [epicfight/]: Assigned animation id 160 to biped/combat/uchigatana_sheath_dash
[21Jun2025 03:50:30.358] [modloading-worker-0/INFO] [epicfight/]: Assigned animation id 161 to biped/combat/axe_auto1
[21Jun2025 03:50:30.358] [modloading-worker-0/INFO] [epicfight/]: Assigned animation id 162 to biped/combat/axe_auto2
[21Jun2025 03:50:30.358] [modloading-worker-0/INFO] [epicfight/]: Assigned animation id 163 to biped/combat/longsword_auto1
[21Jun2025 03:50:30.358] [modloading-worker-0/INFO] [epicfight/]: Assigned animation id 164 to biped/combat/longsword_auto2
[21Jun2025 03:50:30.358] [modloading-worker-0/INFO] [epicfight/]: Assigned animation id 165 to biped/combat/longsword_auto3
[21Jun2025 03:50:30.359] [modloading-worker-0/INFO] [epicfight/]: Assigned animation id 166 to biped/combat/longsword_dash
[21Jun2025 03:50:30.359] [modloading-worker-0/INFO] [epicfight/]: Assigned animation id 167 to biped/combat/longsword_liechtenauer_auto1
[21Jun2025 03:50:30.359] [modloading-worker-0/INFO] [epicfight/]: Assigned animation id 168 to biped/combat/longsword_liechtenauer_auto2
[21Jun2025 03:50:30.359] [modloading-worker-0/INFO] [epicfight/]: Assigned animation id 169 to biped/combat/longsword_liechtenauer_auto3
[21Jun2025 03:50:30.359] [modloading-worker-0/INFO] [epicfight/]: Assigned animation id 170 to biped/combat/tachi_auto1
[21Jun2025 03:50:30.359] [modloading-worker-0/INFO] [epicfight/]: Assigned animation id 171 to biped/combat/tachi_auto2
[21Jun2025 03:50:30.359] [modloading-worker-0/INFO] [epicfight/]: Assigned animation id 172 to biped/combat/tachi_auto3
[21Jun2025 03:50:30.360] [modloading-worker-0/INFO] [epicfight/]: Assigned animation id 173 to biped/combat/tachi_dash
[21Jun2025 03:50:30.360] [modloading-worker-0/INFO] [epicfight/]: Assigned animation id 174 to biped/combat/dagger_auto1
[21Jun2025 03:50:30.360] [modloading-worker-0/INFO] [epicfight/]: Assigned animation id 175 to biped/combat/dagger_auto2
[21Jun2025 03:50:30.360] [modloading-worker-0/INFO] [epicfight/]: Assigned animation id 176 to biped/combat/dagger_auto3
[21Jun2025 03:50:30.360] [modloading-worker-0/INFO] [epicfight/]: Assigned animation id 177 to biped/combat/dagger_dash
[21Jun2025 03:50:30.360] [modloading-worker-0/INFO] [epicfight/]: Assigned animation id 178 to biped/combat/dagger_dual_auto1
[21Jun2025 03:50:30.361] [modloading-worker-0/INFO] [epicfight/]: Assigned animation id 179 to biped/combat/dagger_dual_auto2
[21Jun2025 03:50:30.361] [modloading-worker-0/INFO] [epicfight/]: Assigned animation id 180 to biped/combat/dagger_dual_auto3
[21Jun2025 03:50:30.361] [modloading-worker-0/INFO] [epicfight/]: Assigned animation id 181 to biped/combat/dagger_dual_auto4
[21Jun2025 03:50:30.361] [modloading-worker-0/INFO] [epicfight/]: Assigned animation id 182 to biped/combat/dagger_dual_dash
[21Jun2025 03:50:30.361] [modloading-worker-0/INFO] [epicfight/]: Assigned animation id 183 to biped/combat/trident_auto1
[21Jun2025 03:50:30.361] [modloading-worker-0/INFO] [epicfight/]: Assigned animation id 184 to biped/combat/trident_auto2
[21Jun2025 03:50:30.361] [modloading-worker-0/INFO] [epicfight/]: Assigned animation id 185 to biped/combat/trident_auto3
[21Jun2025 03:50:30.362] [modloading-worker-0/INFO] [epicfight/]: Assigned animation id 186 to biped/combat/sword_airslash
[21Jun2025 03:50:30.362] [modloading-worker-0/INFO] [epicfight/]: Assigned animation id 187 to biped/combat/sword_dual_airslash
[21Jun2025 03:50:30.362] [modloading-worker-0/INFO] [epicfight/]: Assigned animation id 188 to biped/combat/uchigatana_airslash
[21Jun2025 03:50:30.362] [modloading-worker-0/INFO] [epicfight/]: Assigned animation id 189 to biped/combat/uchigatana_sheath_airslash
[21Jun2025 03:50:30.362] [modloading-worker-0/INFO] [epicfight/]: Assigned animation id 190 to biped/combat/spear_onehand_airslash
[21Jun2025 03:50:30.362] [modloading-worker-0/INFO] [epicfight/]: Assigned animation id 191 to biped/combat/spear_twohand_airslash
[21Jun2025 03:50:30.362] [modloading-worker-0/INFO] [epicfight/]: Assigned animation id 192 to biped/combat/longsword_airslash
[21Jun2025 03:50:30.362] [modloading-worker-0/INFO] [epicfight/]: Assigned animation id 193 to biped/combat/greatsword_airslash
[21Jun2025 03:50:30.363] [modloading-worker-0/INFO] [epicfight/]: Assigned animation id 194 to biped/combat/fist_airslash
[21Jun2025 03:50:30.363] [modloading-worker-0/INFO] [epicfight/]: Assigned animation id 195 to biped/combat/dagger_airslash
[21Jun2025 03:50:30.363] [modloading-worker-0/INFO] [epicfight/]: Assigned animation id 196 to 187
[21Jun2025 03:50:30.363] [modloading-worker-0/INFO] [epicfight/]: Assigned animation id 197 to biped/combat/axe_airslash
[21Jun2025 03:50:30.363] [modloading-worker-0/INFO] [epicfight/]: Assigned animation id 198 to biped/combat/sword_mount_attack
[21Jun2025 03:50:30.363] [modloading-worker-0/INFO] [epicfight/]: Assigned animation id 199 to biped/combat/spear_mount_attack
[21Jun2025 03:50:30.363] [modloading-worker-0/INFO] [epicfight/]: Assigned animation id 200 to biped/combat/mob_onehand1
[21Jun2025 03:50:30.364] [modloading-worker-0/INFO] [epicfight/]: Assigned animation id 201 to biped/combat/mob_onehand2
[21Jun2025 03:50:30.364] [modloading-worker-0/INFO] [epicfight/]: Assigned animation id 202 to biped/combat/mob_greatsword1
[21Jun2025 03:50:30.364] [modloading-worker-0/INFO] [epicfight/]: Assigned animation id 203 to biped/combat/mob_tachi_special
[21Jun2025 03:50:30.365] [modloading-worker-0/INFO] [epicfight/]: Assigned animation id 204 to biped/combat/mob_spear_onehand
[21Jun2025 03:50:30.365] [modloading-worker-0/INFO] [epicfight/]: Assigned animation id 205 to biped/combat/mob_spear_twohand1
[21Jun2025 03:50:30.365] [modloading-worker-0/INFO] [epicfight/]: Assigned animation id 206 to biped/combat/mob_spear_twohand2
[21Jun2025 03:50:30.365] [modloading-worker-0/INFO] [epicfight/]: Assigned animation id 207 to biped/combat/mob_spear_twohand3
[21Jun2025 03:50:30.365] [modloading-worker-0/INFO] [epicfight/]: Assigned animation id 208 to biped/combat/mob_sword_dual1
[21Jun2025 03:50:30.365] [modloading-worker-0/INFO] [epicfight/]: Assigned animation id 209 to biped/combat/mob_sword_dual2
[21Jun2025 03:50:30.366] [modloading-worker-0/INFO] [epicfight/]: Assigned animation id 210 to biped/combat/mob_sword_dual3
[21Jun2025 03:50:30.366] [modloading-worker-0/INFO] [epicfight/]: Assigned animation id 211 to biped/combat/mob_longsword1
[21Jun2025 03:50:30.366] [modloading-worker-0/INFO] [epicfight/]: Assigned animation id 212 to biped/combat/mob_longsword2
[21Jun2025 03:50:30.366] [modloading-worker-0/INFO] [epicfight/]: Assigned animation id 213 to biped/combat/mob_uchigatana1
[21Jun2025 03:50:30.366] [modloading-worker-0/INFO] [epicfight/]: Assigned animation id 214 to biped/combat/mob_uchigatana2
[21Jun2025 03:50:30.367] [modloading-worker-0/INFO] [epicfight/]: Assigned animation id 215 to biped/combat/mob_uchigatana3
[21Jun2025 03:50:30.367] [modloading-worker-0/INFO] [epicfight/]: Assigned animation id 216 to biped/combat/mob_dagger_onehand1
[21Jun2025 03:50:30.367] [modloading-worker-0/INFO] [epicfight/]: Assigned animation id 217 to biped/combat/mob_dagger_onehand2
[21Jun2025 03:50:30.367] [modloading-worker-0/INFO] [epicfight/]: Assigned animation id 218 to biped/combat/mob_dagger_onehand3
[21Jun2025 03:50:30.367] [modloading-worker-0/INFO] [epicfight/]: Assigned animation id 219 to biped/combat/mob_dagger_twohand1
[21Jun2025 03:50:30.367] [modloading-worker-0/INFO] [epicfight/]: Assigned animation id 220 to biped/combat/mob_dagger_twohand2
[21Jun2025 03:50:30.368] [modloading-worker-0/INFO] [epicfight/]: Assigned animation id 221 to biped/combat/mob_throw
[21Jun2025 03:50:30.368] [modloading-worker-0/INFO] [epicfight/]: Assigned animation id 222 to biped/skill/guard_sword_hit
[21Jun2025 03:50:30.368] [modloading-worker-0/INFO] [epicfight/]: Assigned animation id 223 to biped/skill/guard_sword_hit_active1
[21Jun2025 03:50:30.369] [modloading-worker-0/INFO] [epicfight/]: Assigned animation id 224 to biped/skill/guard_sword_hit_active2
[21Jun2025 03:50:30.371] [modloading-worker-0/INFO] [epicfight/]: Assigned animation id 225 to biped/skill/guard_sword_hit_active3
[21Jun2025 03:50:30.371] [modloading-worker-0/INFO] [epicfight/]: Assigned animation id 226 to biped/skill/guard_longsword_hit_active1
[21Jun2025 03:50:30.371] [modloading-worker-0/INFO] [epicfight/]: Assigned animation id 227 to biped/skill/guard_longsword_hit_active2
[21Jun2025 03:50:30.371] [modloading-worker-0/INFO] [epicfight/]: Assigned animation id 228 to biped/skill/guard_dualsword_hit
[21Jun2025 03:50:30.371] [modloading-worker-0/INFO] [epicfight/]: Assigned animation id 229 to biped/skill/guard_break1
[21Jun2025 03:50:30.371] [modloading-worker-0/INFO] [epicfight/]: Assigned animation id 230 to biped/skill/guard_break2
[21Jun2025 03:50:30.371] [modloading-worker-0/INFO] [epicfight/]: Assigned animation id 231 to biped/skill/guard_longsword_hit
[21Jun2025 03:50:30.371] [modloading-worker-0/INFO] [epicfight/]: Assigned animation id 232 to biped/skill/guard_spear_hit
[21Jun2025 03:50:30.376] [modloading-worker-0/INFO] [epicfight/]: Assigned animation id 233 to biped/skill/guard_greatsword_hit
[21Jun2025 03:50:30.376] [modloading-worker-0/INFO] [epicfight/]: Assigned animation id 234 to biped/skill/guard_uchigatana_hit
[21Jun2025 03:50:30.377] [modloading-worker-0/INFO] [epicfight/]: Assigned animation id 235 to biped/skill/greatsword_slam
[21Jun2025 03:50:30.379] [modloading-worker-0/INFO] [epicfight/]: Assigned animation id 236 to biped/skill/revelation_normal
[21Jun2025 03:50:30.380] [modloading-worker-0/INFO] [epicfight/]: Assigned animation id 237 to biped/skill/revelation_twohand
[21Jun2025 03:50:30.381] [modloading-worker-0/INFO] [epicfight/]: Assigned animation id 238 to biped/combat/hit_short
[21Jun2025 03:50:30.381] [modloading-worker-0/INFO] [epicfight/]: Assigned animation id 239 to biped/combat/hit_long
[21Jun2025 03:50:30.381] [modloading-worker-0/INFO] [epicfight/]: Assigned animation id 240 to biped/combat/hit_on_mount
[21Jun2025 03:50:30.381] [modloading-worker-0/INFO] [epicfight/]: Assigned animation id 241 to biped/living/landing
[21Jun2025 03:50:30.381] [modloading-worker-0/INFO] [epicfight/]: Assigned animation id 242 to biped/combat/knockdown
[21Jun2025 03:50:30.382] [modloading-worker-0/INFO] [epicfight/]: Assigned animation id 243 to biped/living/death
[21Jun2025 03:50:30.382] [modloading-worker-0/INFO] [epicfight/]: Assigned animation id 244 to creeper/hit_short
[21Jun2025 03:50:30.382] [modloading-worker-0/INFO] [epicfight/]: Assigned animation id 245 to creeper/hit_long
[21Jun2025 03:50:30.382] [modloading-worker-0/INFO] [epicfight/]: Assigned animation id 246 to creeper/death
[21Jun2025 03:50:30.382] [modloading-worker-0/INFO] [epicfight/]: Assigned animation id 247 to enderman/hit_short
[21Jun2025 03:50:30.383] [modloading-worker-0/INFO] [epicfight/]: Assigned animation id 248 to enderman/hit_long
[21Jun2025 03:50:30.383] [modloading-worker-0/INFO] [epicfight/]: Assigned animation id 249 to enderman/neutralized
[21Jun2025 03:50:30.383] [modloading-worker-0/INFO] [epicfight/]: Assigned animation id 250 to enderman/convert_rage
[21Jun2025 03:50:30.383] [modloading-worker-0/INFO] [epicfight/]: Assigned animation id 251 to enderman/tp_kick1
[21Jun2025 03:50:30.383] [modloading-worker-0/INFO] [epicfight/]: Assigned animation id 252 to enderman/tp_kick2
[21Jun2025 03:50:30.383] [modloading-worker-0/INFO] [epicfight/]: Assigned animation id 253 to enderman/rush_kick
[21Jun2025 03:50:30.384] [modloading-worker-0/INFO] [epicfight/]: Assigned animation id 254 to enderman/jump_kick
[21Jun2025 03:50:30.385] [modloading-worker-0/INFO] [epicfight/]: Assigned animation id 255 to enderman/knee
[21Jun2025 03:50:30.385] [modloading-worker-0/INFO] [epicfight/]: Assigned animation id 256 to enderman/kick_twice
[21Jun2025 03:50:30.385] [modloading-worker-0/INFO] [epicfight/]: Assigned animation id 257 to enderman/grasp
[21Jun2025 03:50:30.385] [modloading-worker-0/INFO] [epicfight/]: Assigned animation id 258 to enderman/death
[21Jun2025 03:50:30.386] [modloading-worker-0/INFO] [epicfight/]: Assigned animation id 259 to enderman/teleport
[21Jun2025 03:50:30.386] [modloading-worker-0/INFO] [epicfight/]: Assigned animation id 260 to dragon/idle
[21Jun2025 03:50:30.389] [modloading-worker-0/INFO] [epicfight/]: Assigned animation id 261 to dragon/walk
[21Jun2025 03:50:30.389] [modloading-worker-0/INFO] [epicfight/]: Assigned animation id 262 to dragon/fly
[21Jun2025 03:50:30.389] [modloading-worker-0/INFO] [epicfight/]: Assigned animation id 263 to dragon/death
[21Jun2025 03:50:30.390] [modloading-worker-0/INFO] [epicfight/]: Assigned animation id 264 to dragon/ground_to_fly
[21Jun2025 03:50:30.391] [modloading-worker-0/INFO] [epicfight/]: Assigned animation id 265 to dragon/fly_to_ground
[21Jun2025 03:50:30.401] [modloading-worker-0/INFO] [epicfight/]: Assigned animation id 266 to dragon/attack1
[21Jun2025 03:50:30.402] [modloading-worker-0/INFO] [epicfight/]: Assigned animation id 267 to dragon/attack2
[21Jun2025 03:50:30.402] [modloading-worker-0/INFO] [epicfight/]: Assigned animation id 268 to dragon/attack3
[21Jun2025 03:50:30.402] [modloading-worker-0/INFO] [epicfight/]: Assigned animation id 269 to dragon/attack4
[21Jun2025 03:50:30.402] [modloading-worker-0/INFO] [epicfight/]: Assigned animation id 270 to dragon/attack4_recovery
[21Jun2025 03:50:30.402] [modloading-worker-0/INFO] [epicfight/]: Assigned animation id 271 to dragon/fireball
[21Jun2025 03:50:30.403] [modloading-worker-0/INFO] [epicfight/]: Assigned animation id 272 to dragon/airstrike
[21Jun2025 03:50:30.403] [modloading-worker-0/INFO] [epicfight/]: Assigned animation id 273 to dragon/backjump_prepare
[21Jun2025 03:50:30.403] [modloading-worker-0/INFO] [epicfight/]: Assigned animation id 274 to dragon/backjump_move
[21Jun2025 03:50:30.404] [modloading-worker-0/INFO] [epicfight/]: Assigned animation id 275 to dragon/backjump_recovery
[21Jun2025 03:50:30.404] [modloading-worker-0/INFO] [epicfight/]: Assigned animation id 276 to dragon/crystal_link
[21Jun2025 03:50:30.404] [modloading-worker-0/INFO] [epicfight/]: Assigned animation id 277 to dragon/neutralized
[21Jun2025 03:50:30.405] [modloading-worker-0/INFO] [epicfight/]: Assigned animation id 278 to dragon/neutralized_recovery
[21Jun2025 03:50:30.405] [modloading-worker-0/INFO] [epicfight/]: Assigned animation id 279 to spider/attack
[21Jun2025 03:50:30.405] [modloading-worker-0/INFO] [epicfight/]: Assigned animation id 280 to spider/jump_attack
[21Jun2025 03:50:30.405] [modloading-worker-0/INFO] [epicfight/]: Assigned animation id 281 to spider/hit
[21Jun2025 03:50:30.405] [modloading-worker-0/INFO] [epicfight/]: Assigned animation id 282 to spider/neutralized
[21Jun2025 03:50:30.405] [modloading-worker-0/INFO] [epicfight/]: Assigned animation id 283 to spider/death
[21Jun2025 03:50:30.405] [modloading-worker-0/INFO] [epicfight/]: Assigned animation id 284 to iron_golem/attack1
[21Jun2025 03:50:30.406] [modloading-worker-0/INFO] [epicfight/]: Assigned animation id 285 to iron_golem/attack2
[21Jun2025 03:50:30.406] [modloading-worker-0/INFO] [epicfight/]: Assigned animation id 286 to iron_golem/attack3
[21Jun2025 03:50:30.406] [modloading-worker-0/INFO] [epicfight/]: Assigned animation id 287 to iron_golem/attack4
[21Jun2025 03:50:30.406] [modloading-worker-0/INFO] [epicfight/]: Assigned animation id 288 to iron_golem/death
[21Jun2025 03:50:30.406] [modloading-worker-0/INFO] [epicfight/]: Assigned animation id 289 to illager/swing_axe1
[21Jun2025 03:50:30.406] [modloading-worker-0/INFO] [epicfight/]: Assigned animation id 290 to illager/swing_axe2
[21Jun2025 03:50:30.406] [modloading-worker-0/INFO] [epicfight/]: Assigned animation id 291 to illager/swing_axe3
[21Jun2025 03:50:30.407] [modloading-worker-0/INFO] [epicfight/]: Assigned animation id 292 to piglin/death
[21Jun2025 03:50:30.407] [modloading-worker-0/INFO] [epicfight/]: Assigned animation id 293 to hoglin/death
[21Jun2025 03:50:30.407] [modloading-worker-0/INFO] [epicfight/]: Assigned animation id 294 to hoglin/attack
[21Jun2025 03:50:30.407] [modloading-worker-0/INFO] [epicfight/]: Assigned animation id 295 to ravager/death
[21Jun2025 03:50:30.407] [modloading-worker-0/INFO] [epicfight/]: Assigned animation id 296 to ravager/groggy
[21Jun2025 03:50:30.407] [modloading-worker-0/INFO] [epicfight/]: Assigned animation id 297 to ravager/attack1
[21Jun2025 03:50:30.407] [modloading-worker-0/INFO] [epicfight/]: Assigned animation id 298 to ravager/attack2
[21Jun2025 03:50:30.408] [modloading-worker-0/INFO] [epicfight/]: Assigned animation id 299 to ravager/attack3
[21Jun2025 03:50:30.408] [modloading-worker-0/INFO] [epicfight/]: Assigned animation id 300 to vex/hit
[21Jun2025 03:50:30.408] [modloading-worker-0/INFO] [epicfight/]: Assigned animation id 301 to vex/death
[21Jun2025 03:50:30.408] [modloading-worker-0/INFO] [epicfight/]: Assigned animation id 302 to vex/charge
[21Jun2025 03:50:30.409] [modloading-worker-0/INFO] [epicfight/]: Assigned animation id 303 to vex/neutralized
[21Jun2025 03:50:30.409] [modloading-worker-0/INFO] [epicfight/]: Assigned animation id 304 to witch/drink
[21Jun2025 03:50:30.409] [modloading-worker-0/INFO] [epicfight/]: Assigned animation id 305 to wither_skeleton/sword_attack1
[21Jun2025 03:50:30.409] [modloading-worker-0/INFO] [epicfight/]: Assigned animation id 306 to wither_skeleton/sword_attack2
[21Jun2025 03:50:30.409] [modloading-worker-0/INFO] [epicfight/]: Assigned animation id 307 to wither_skeleton/sword_attack3
[21Jun2025 03:50:30.409] [modloading-worker-0/INFO] [epicfight/]: Assigned animation id 308 to wither/rush
[21Jun2025 03:50:30.411] [modloading-worker-0/INFO] [epicfight/]: Assigned animation id 309 to wither/death
[21Jun2025 03:50:30.411] [modloading-worker-0/INFO] [epicfight/]: Assigned animation id 310 to wither/neutralized
[21Jun2025 03:50:30.411] [modloading-worker-0/INFO] [epicfight/]: Assigned animation id 311 to wither/spell_wither_armor
[21Jun2025 03:50:30.412] [modloading-worker-0/INFO] [epicfight/]: Assigned animation id 312 to wither/charging_blocked
[21Jun2025 03:50:30.412] [modloading-worker-0/INFO] [epicfight/]: Assigned animation id 313 to wither/ghost_stand
[21Jun2025 03:50:30.412] [modloading-worker-0/INFO] [epicfight/]: Assigned animation id 314 to wither/swirl
[21Jun2025 03:50:30.413] [modloading-worker-0/INFO] [epicfight/]: Assigned animation id 315 to wither/laser
[21Jun2025 03:50:30.414] [modloading-worker-0/INFO] [epicfight/]: Assigned animation id 316 to wither/backflip
[21Jun2025 03:50:30.414] [modloading-worker-0/INFO] [epicfight/]: Assigned animation id 317 to zombie/attack1
[21Jun2025 03:50:30.414] [modloading-worker-0/INFO] [epicfight/]: Assigned animation id 318 to zombie/attack2
[21Jun2025 03:50:30.414] [modloading-worker-0/INFO] [epicfight/]: Assigned animation id 319 to zombie/attack3
[21Jun2025 03:50:30.414] [modloading-worker-0/INFO] [epicfight/]: Assigned animation id 320 to biped/skill/sweeping_edge
[21Jun2025 03:50:30.414] [modloading-worker-0/INFO] [epicfight/]: Assigned animation id 321 to biped/skill/dancing_edge
[21Jun2025 03:50:30.415] [modloading-worker-0/INFO] [epicfight/]: Assigned animation id 322 to biped/skill/the_guillotine
[21Jun2025 03:50:30.415] [modloading-worker-0/INFO] [epicfight/]: Assigned animation id 323 to biped/skill/heartpiercer
[21Jun2025 03:50:30.415] [modloading-worker-0/INFO] [epicfight/]: Assigned animation id 324 to 146
[21Jun2025 03:50:30.415] [modloading-worker-0/INFO] [epicfight/]: Assigned animation id 325 to biped/skill/grasping_spire_second
[21Jun2025 03:50:30.416] [modloading-worker-0/INFO] [epicfight/]: Assigned animation id 326 to biped/skill/steel_whirlwind
[21Jun2025 03:50:30.416] [modloading-worker-0/INFO] [epicfight/]: Assigned animation id 327 to biped/skill/battojutsu
[21Jun2025 03:50:30.416] [modloading-worker-0/INFO] [epicfight/]: Assigned animation id 328 to biped/skill/battojutsu_dash
[21Jun2025 03:50:30.417] [modloading-worker-0/INFO] [epicfight/]: Assigned animation id 329 to biped/skill/rushing_tempo1
[21Jun2025 03:50:30.417] [modloading-worker-0/INFO] [epicfight/]: Assigned animation id 330 to biped/skill/rushing_tempo2
[21Jun2025 03:50:30.417] [modloading-worker-0/INFO] [epicfight/]: Assigned animation id 331 to biped/skill/rushing_tempo3
[21Jun2025 03:50:30.417] [modloading-worker-0/INFO] [epicfight/]: Assigned animation id 332 to biped/skill/relentless_combo
[21Jun2025 03:50:30.417] [modloading-worker-0/INFO] [epicfight/]: Assigned animation id 333 to biped/skill/eviscerate_first
[21Jun2025 03:50:30.417] [modloading-worker-0/INFO] [epicfight/]: Assigned animation id 334 to biped/skill/eviscerate_second
[21Jun2025 03:50:30.418] [modloading-worker-0/INFO] [epicfight/]: Assigned animation id 335 to biped/skill/blade_rush_combo1
[21Jun2025 03:50:30.421] [modloading-worker-0/INFO] [epicfight/]: Assigned animation id 336 to biped/skill/blade_rush_combo2
[21Jun2025 03:50:30.422] [modloading-worker-0/INFO] [epicfight/]: Assigned animation id 337 to biped/skill/blade_rush_combo3
[21Jun2025 03:50:30.422] [modloading-worker-0/INFO] [epicfight/]: Assigned animation id 338 to biped/interact/blade_rush_hit
[21Jun2025 03:50:30.423] [modloading-worker-0/INFO] [epicfight/]: Assigned animation id 339 to biped/skill/blade_rush_execute
[21Jun2025 03:50:30.424] [modloading-worker-0/INFO] [epicfight/]: Assigned animation id 340 to biped/skill/blade_rush_failed
[21Jun2025 03:50:30.425] [modloading-worker-0/INFO] [epicfight/]: Assigned animation id 341 to biped/skill/blade_rush_try
[21Jun2025 03:50:30.426] [modloading-worker-0/INFO] [epicfight/]: Assigned animation id 342 to biped/skill/wrathful_lighting
[21Jun2025 03:50:30.426] [modloading-worker-0/INFO] [epicfight/]: Assigned animation id 343 to biped/skill/tsunami
[21Jun2025 03:50:30.430] [modloading-worker-0/INFO] [epicfight/]: Assigned animation id 344 to biped/skill/tsunami_reinforced
[21Jun2025 03:50:30.431] [modloading-worker-0/INFO] [epicfight/]: Assigned animation id 345 to biped/skill/everlasting_allegiance_call
[21Jun2025 03:50:30.431] [modloading-worker-0/INFO] [epicfight/]: Assigned animation id 346 to biped/skill/everlasting_allegiance_catch
[21Jun2025 03:50:30.431] [modloading-worker-0/INFO] [epicfight/]: Assigned animation id 347 to biped/skill/sharp_stab
[21Jun2025 03:50:30.480] [Forge Version Check/INFO] [net.minecraftforge.fml.VersionChecker/]: [sound_physics_remastered] Found status: OUTDATED Current: 1.20.1-1.3.1 Target: 1.20.1-1.4.13
[21Jun2025 03:50:30.480] [Forge Version Check/INFO] [net.minecraftforge.fml.VersionChecker/]: [ctov] Starting version check at https://api.modrinth.com/updates/fgmhI8kH/forge_updates.json
[21Jun2025 03:50:30.651] [Forge Version Check/INFO] [net.minecraftforge.fml.VersionChecker/]: [ctov] Found status: OUTDATED Current: 3.3.6 Target: 3.4.14
[21Jun2025 03:50:30.651] [Forge Version Check/INFO] [net.minecraftforge.fml.VersionChecker/]: [advancementplaques] Starting version check at https://mc-update-check.anthonyhilyard.com/499826
[21Jun2025 03:50:30.826] [modloading-worker-0/INFO] [com.choicetheorem.ctov.ctov/]: Got IMC []
[21Jun2025 03:50:30.827] [modloading-worker-0/INFO] [com.choicetheorem.imst.imst/]: Got IMC []
[21Jun2025 03:50:30.865] [modloading-worker-0/INFO] [Jade/]: Start loading plugin at com.teamderpy.shouldersurfing.compatibility.ShoulderSurfingJadePlugin
[21Jun2025 03:50:30.873] [modloading-worker-0/INFO] [Jade/]: Start loading plugin at ht.treechop.compat.Jade
[21Jun2025 03:50:30.875] [modloading-worker-0/INFO] [Jade/]: Start loading plugin at com.aetherteam.aether.integration.jade.AetherJadePlugin
[21Jun2025 03:50:30.876] [modloading-worker-0/INFO] [Jade/]: Start loading plugin at twilightforest.compat.jade.JadeCompat
[21Jun2025 03:50:30.877] [modloading-worker-0/INFO] [Jade/]: Start loading plugin at net.blay09.mods.waystones.compat.JadeIntegration
[21Jun2025 03:50:30.877] [modloading-worker-0/INFO] [Jade/]: Start loading plugin at snownee.jade.addon.vanilla.VanillaPlugin
[21Jun2025 03:50:30.891] [modloading-worker-0/INFO] [Jade/]: Start loading plugin at snownee.jade.addon.universal.UniversalPlugin
[21Jun2025 03:50:30.896] [modloading-worker-0/INFO] [Jade/]: Start loading plugin at snownee.jade.addon.core.CorePlugin
[21Jun2025 03:50:30.900] [Forge Version Check/INFO] [net.minecraftforge.fml.VersionChecker/]: [advancementplaques] Found status: OUTDATED Current: 1.4.10 Target: 1.6.9
[21Jun2025 03:50:30.900] [Forge Version Check/INFO] [net.minecraftforge.fml.VersionChecker/]: [gml] Starting version check at https://maven.moddinginquisition.org/releases/org/groovymc/gml/gml/forge-promotions.json
[21Jun2025 03:50:31.003] [main/ERROR] [net.minecraft.Util/]: Entity valhelsia_structures:mossy_skeleton has no attributes
[21Jun2025 03:50:31.004] [main/ERROR] [net.minecraft.Util/]: Entity valhelsia_structures:mossy_skeleton has no attributes
[21Jun2025 03:50:31.004] [main/ERROR] [net.minecraft.Util/]: Entity valhelsia_structures:mossy_skeleton has no attributes
[21Jun2025 03:50:31.004] [main/ERROR] [net.minecraft.Util/]: Entity valhelsia_structures:mossy_skeleton has no attributes
[21Jun2025 03:50:31.004] [main/ERROR] [net.minecraft.Util/]: Entity valhelsia_structures:mossy_skeleton has no attributes
[21Jun2025 03:50:31.005] [main/ERROR] [net.minecraft.Util/]: Entity valhelsia_structures:mossy_skeleton has no attributes
[21Jun2025 03:50:31.005] [main/ERROR] [net.minecraft.Util/]: Entity valhelsia_structures:mossy_skeleton has no attributes
[21Jun2025 03:50:31.005] [main/ERROR] [net.minecraft.Util/]: Entity valhelsia_structures:mossy_skeleton has no attributes
[21Jun2025 03:50:31.006] [main/ERROR] [net.minecraft.Util/]: Entity valhelsia_structures:mossy_skeleton has no attributes
[21Jun2025 03:50:31.006] [main/ERROR] [net.minecraft.Util/]: Entity valhelsia_structures:mossy_skeleton has no attributes
[21Jun2025 03:50:31.006] [main/ERROR] [net.minecraft.Util/]: Entity valhelsia_structures:mossy_skeleton has no attributes
[21Jun2025 03:50:31.007] [main/ERROR] [net.minecraft.Util/]: Entity valhelsia_structures:mossy_skeleton has no attributes
[21Jun2025 03:50:31.007] [main/ERROR] [net.minecraft.Util/]: Entity valhelsia_structures:mossy_skeleton has no attributes
[21Jun2025 03:50:31.007] [main/ERROR] [net.minecraft.Util/]: Entity valhelsia_structures:mossy_skeleton has no attributes
[21Jun2025 03:50:31.007] [main/ERROR] [net.minecraft.Util/]: Entity valhelsia_structures:mossy_skeleton has no attributes
[21Jun2025 03:50:31.008] [main/ERROR] [net.minecraft.Util/]: Entity valhelsia_structures:mossy_skeleton has no attributes
[21Jun2025 03:50:31.008] [main/ERROR] [net.minecraft.Util/]: Entity valhelsia_structures:mossy_skeleton has no attributes
[21Jun2025 03:50:31.008] [main/ERROR] [net.minecraft.Util/]: Entity valhelsia_structures:mossy_skeleton has no attributes
[21Jun2025 03:50:31.009] [main/ERROR] [net.minecraft.Util/]: Entity valhelsia_structures:mossy_skeleton has no attributes
[21Jun2025 03:50:31.009] [main/ERROR] [net.minecraft.Util/]: Entity valhelsia_structures:mossy_skeleton has no attributes
[21Jun2025 03:50:31.009] [main/ERROR] [net.minecraft.Util/]: Entity valhelsia_structures:mossy_skeleton has no attributes
[21Jun2025 03:50:31.009] [main/ERROR] [net.minecraft.Util/]: Entity valhelsia_structures:mossy_skeleton has no attributes
[21Jun2025 03:50:31.010] [main/ERROR] [net.minecraft.Util/]: Entity valhelsia_structures:mossy_skeleton has no attributes
[21Jun2025 03:50:31.010] [main/ERROR] [net.minecraft.Util/]: Entity valhelsia_structures:mossy_skeleton has no attributes
[21Jun2025 03:50:31.010] [main/ERROR] [net.minecraft.Util/]: Entity valhelsia_structures:mossy_skeleton has no attributes
[21Jun2025 03:50:31.010] [main/ERROR] [net.minecraft.Util/]: Entity valhelsia_structures:mossy_skeleton has no attributes
[21Jun2025 03:50:31.011] [main/ERROR] [net.minecraft.Util/]: Entity valhelsia_structures:mossy_skeleton has no attributes
[21Jun2025 03:50:31.011] [main/ERROR] [net.minecraft.Util/]: Entity valhelsia_structures:mossy_skeleton has no attributes
[21Jun2025 03:50:31.011] [main/ERROR] [net.minecraft.Util/]: Entity valhelsia_structures:mossy_skeleton has no attributes
[21Jun2025 03:50:31.011] [main/ERROR] [net.minecraft.Util/]: Entity valhelsia_structures:mossy_skeleton has no attributes
[21Jun2025 03:50:31.012] [main/ERROR] [net.minecraft.Util/]: Entity valhelsia_structures:mossy_skeleton has no attributes
[21Jun2025 03:50:31.012] [main/ERROR] [net.minecraft.Util/]: Entity valhelsia_structures:mossy_skeleton has no attributes
[21Jun2025 03:50:31.012] [main/ERROR] [net.minecraft.Util/]: Entity valhelsia_structures:mossy_skeleton has no attributes
[21Jun2025 03:50:31.013] [main/ERROR] [net.minecraft.Util/]: Entity valhelsia_structures:mossy_skeleton has no attributes
[21Jun2025 03:50:31.013] [main/ERROR] [net.minecraft.Util/]: Entity valhelsia_structures:mossy_skeleton has no attributes
[21Jun2025 03:50:31.013] [main/ERROR] [net.minecraft.Util/]: Entity valhelsia_structures:mossy_skeleton has no attributes
[21Jun2025 03:50:31.013] [main/ERROR] [net.minecraft.Util/]: Entity valhelsia_structures:mossy_skeleton has no attributes
[21Jun2025 03:50:31.014] [main/ERROR] [net.minecraft.Util/]: Entity valhelsia_structures:mossy_skeleton has no attributes
[21Jun2025 03:50:31.014] [main/ERROR] [net.minecraft.Util/]: Entity valhelsia_structures:mossy_skeleton has no attributes
[21Jun2025 03:50:31.014] [main/ERROR] [net.minecraft.Util/]: Entity valhelsia_structures:mossy_skeleton has no attributes
[21Jun2025 03:50:31.014] [main/ERROR] [net.minecraft.Util/]: Entity valhelsia_structures:mossy_skeleton has no attributes
[21Jun2025 03:50:31.015] [main/ERROR] [net.minecraft.Util/]: Entity valhelsia_structures:mossy_skeleton has no attributes
[21Jun2025 03:50:31.346] [Forge Version Check/INFO] [net.minecraftforge.fml.VersionChecker/]: [gml] Found status: BETA Current: 4.0.9 Target: null
[21Jun2025 03:50:31.347] [Forge Version Check/INFO] [net.minecraftforge.fml.VersionChecker/]: [mr_tidal_towns] Starting version check at https://api.modrinth.com/updates/EEIwvQVo/forge_updates.json
[21Jun2025 03:50:31.386] [Forge Version Check/INFO] [net.minecraftforge.fml.VersionChecker/]: [mr_tidal_towns] Found status: OUTDATED Current: 1.2 Target: 1.3.4+mod
[21Jun2025 03:50:31.386] [Forge Version Check/INFO] [net.minecraftforge.fml.VersionChecker/]: [searchables] Starting version check at https://updates.blamejared.com/get?n=searchables&gv=1.20.1
[21Jun2025 03:50:31.741] [Forge Version Check/INFO] [net.minecraftforge.fml.VersionChecker/]: [searchables] Found status: BETA_OUTDATED Current: 1.0.2 Target: 1.0.3
[21Jun2025 03:50:31.742] [Forge Version Check/INFO] [net.minecraftforge.fml.VersionChecker/]: [cumulus_menus] Starting version check at https://github.com/The-Aether-Team/Cumulus/raw/1.20.1-develop/update.json
[21Jun2025 03:50:31.797] [Forge Version Check/INFO] [net.minecraftforge.fml.VersionChecker/]: [cumulus_menus] Found status: OUTDATED Current: 1.20.1-1.0.0-beta.1-neoforge Target: 1.20.1-1.0.1-neoforge
[21Jun2025 03:50:31.797] [Forge Version Check/INFO] [net.minecraftforge.fml.VersionChecker/]: [cfm] Starting version check at https://mrcrayfish.com/modupdatejson?id=cfm
[21Jun2025 03:50:31.972] [Forge Version Check/WARN] [net.minecraftforge.fml.VersionChecker/]: Failed to process update information
com.google.gson.JsonSyntaxException: java.lang.IllegalStateException: Expected BEGIN_OBJECT but was STRING at line 1 column 1 path $
	at com.google.gson.Gson.fromJson(Gson.java:1226) ~[gson-2.10.jar%2372!/:?]
	at com.google.gson.Gson.fromJson(Gson.java:1124) ~[gson-2.10.jar%2372!/:?]
	at com.google.gson.Gson.fromJson(Gson.java:1034) ~[gson-2.10.jar%2372!/:?]
	at com.google.gson.Gson.fromJson(Gson.java:969) ~[gson-2.10.jar%2372!/:?]
	at net.minecraftforge.fml.VersionChecker$1.process(VersionChecker.java:183) ~[fmlcore-1.20.1-47.3.5.jar%23408!/:?]
	at java.lang.Iterable.forEach(Iterable.java:75) ~[?:?]
	at net.minecraftforge.fml.VersionChecker$1.run(VersionChecker.java:114) ~[fmlcore-1.20.1-47.3.5.jar%23408!/:?]
Caused by: java.lang.IllegalStateException: Expected BEGIN_OBJECT but was STRING at line 1 column 1 path $
	at com.google.gson.stream.JsonReader.beginObject(JsonReader.java:393) ~[gson-2.10.jar%2372!/:?]
	at com.google.gson.internal.bind.MapTypeAdapterFactory$Adapter.read(MapTypeAdapterFactory.java:182) ~[gson-2.10.jar%2372!/:?]
	at com.google.gson.internal.bind.MapTypeAdapterFactory$Adapter.read(MapTypeAdapterFactory.java:144) ~[gson-2.10.jar%2372!/:?]
	at com.google.gson.Gson.fromJson(Gson.java:1214) ~[gson-2.10.jar%2372!/:?]
	... 6 more
[21Jun2025 03:50:31.974] [Forge Version Check/INFO] [net.minecraftforge.fml.VersionChecker/]: [fastload] Starting version check at https://github.com/BumbleSoftware/Fastload/raw/Forge-1.20.1/updates.json
[21Jun2025 03:50:31.997] [Forge Version Check/INFO] [net.minecraftforge.fml.VersionChecker/]: [fastload] Found status: UP_TO_DATE Current: 3.4.0 Target: null
[21Jun2025 03:50:31.998] [Forge Version Check/INFO] [net.minecraftforge.fml.VersionChecker/]: [visualworkbench] Starting version check at https://raw.githubusercontent.com/Fuzss/modresources/main/update/visualworkbench.json
[21Jun2025 03:50:32.009] [Forge Version Check/INFO] [net.minecraftforge.fml.VersionChecker/]: [visualworkbench] Found status: UP_TO_DATE Current: 8.0.0 Target: null
[21Jun2025 03:50:32.009] [Forge Version Check/INFO] [net.minecraftforge.fml.VersionChecker/]: [travelersbackpack] Starting version check at https://gist.githubusercontent.com/Tiviacz1337/906937677aa472285dff9d6c2a189d5e/raw
[21Jun2025 03:50:32.053] [Forge Version Check/INFO] [net.minecraftforge.fml.VersionChecker/]: [travelersbackpack] Found status: OUTDATED Current: 9.1.11 Target: 9.1.16
[21Jun2025 03:50:32.053] [Forge Version Check/INFO] [net.minecraftforge.fml.VersionChecker/]: [respawninganimals] Starting version check at https://raw.githubusercontent.com/Fuzss/modresources/main/update/respawninganimals.json
[21Jun2025 03:50:32.067] [Forge Version Check/INFO] [net.minecraftforge.fml.VersionChecker/]: [respawninganimals] Found status: OUTDATED Current: 8.1.1 Target: 8.2.1
[21Jun2025 03:50:32.067] [Forge Version Check/INFO] [net.minecraftforge.fml.VersionChecker/]: [puzzlesaccessapi] Starting version check at https://raw.githubusercontent.com/Fuzss/modresources/main/update/puzzlesaccessapi.json
[21Jun2025 03:50:32.077] [Forge Version Check/INFO] [net.minecraftforge.fml.VersionChecker/]: [puzzlesaccessapi] Found status: BETA Current: 8.0.7 Target: null
[21Jun2025 03:50:32.077] [Forge Version Check/INFO] [net.minecraftforge.fml.VersionChecker/]: [forge] Starting version check at https://files.minecraftforge.net/net/minecraftforge/forge/promotions_slim.json
[21Jun2025 03:50:32.252] [Forge Version Check/INFO] [net.minecraftforge.fml.VersionChecker/]: [forge] Found status: OUTDATED Current: 47.3.5 Target: 47.4.0
[21Jun2025 03:50:32.253] [Forge Version Check/INFO] [net.minecraftforge.fml.VersionChecker/]: [simpletomb] Starting version check at https://raw.githubusercontent.com/Lothrazar/SimpleTomb/trunk/1.20/update.json
[21Jun2025 03:50:32.262] [Forge Version Check/INFO] [net.minecraftforge.fml.VersionChecker/]: [simpletomb] Found status: BETA Current: 1.20.1-1.3.0 Target: 1.3.0
[21Jun2025 03:50:32.263] [Forge Version Check/INFO] [net.minecraftforge.fml.VersionChecker/]: [herdmentality] Starting version check at https://updates.blamejared.com/get?n=heardmentality&gv=1.20.1
[21Jun2025 03:50:32.365] [Forge Version Check/INFO] [net.minecraftforge.fml.VersionChecker/]: [herdmentality] Found status: BETA_OUTDATED Current: 12.0.2 Target: 12.0.3
[21Jun2025 03:50:32.365] [Forge Version Check/INFO] [net.minecraftforge.fml.VersionChecker/]: [canary] Starting version check at https://github.com/AbdElAziz333/Canary/raw/mc1.19.2/dev/updates.json
[21Jun2025 03:50:32.383] [Forge Version Check/INFO] [net.minecraftforge.fml.VersionChecker/]: [canary] Found status: OUTDATED Current: 0.2.7 Target: 0.3.3
[21Jun2025 03:50:32.384] [Forge Version Check/INFO] [net.minecraftforge.fml.VersionChecker/]: [puzzleslib] Starting version check at https://raw.githubusercontent.com/Fuzss/modresources/main/update/puzzleslib.json
[21Jun2025 03:50:32.395] [Forge Version Check/INFO] [net.minecraftforge.fml.VersionChecker/]: [puzzleslib] Found status: OUTDATED Current: 8.1.11 Target: 8.1.32
[21Jun2025 03:50:32.395] [Forge Version Check/INFO] [net.minecraftforge.fml.VersionChecker/]: [aquamirae] Starting version check at https://raw.githubusercontent.com/ObscuriaLithium/Home/main/aquamirae/versions.json
[21Jun2025 03:50:32.407] [Forge Version Check/WARN] [net.minecraftforge.fml.VersionChecker/]: Failed to process update information
com.google.gson.JsonSyntaxException: java.lang.IllegalStateException: Expected BEGIN_OBJECT but was NUMBER at line 1 column 4 path $
	at com.google.gson.Gson.fromJson(Gson.java:1226) ~[gson-2.10.jar%2372!/:?]
	at com.google.gson.Gson.fromJson(Gson.java:1124) ~[gson-2.10.jar%2372!/:?]
	at com.google.gson.Gson.fromJson(Gson.java:1034) ~[gson-2.10.jar%2372!/:?]
	at com.google.gson.Gson.fromJson(Gson.java:969) ~[gson-2.10.jar%2372!/:?]
	at net.minecraftforge.fml.VersionChecker$1.process(VersionChecker.java:183) ~[fmlcore-1.20.1-47.3.5.jar%23408!/:?]
	at java.lang.Iterable.forEach(Iterable.java:75) ~[?:?]
	at net.minecraftforge.fml.VersionChecker$1.run(VersionChecker.java:114) ~[fmlcore-1.20.1-47.3.5.jar%23408!/:?]
Caused by: java.lang.IllegalStateException: Expected BEGIN_OBJECT but was NUMBER at line 1 column 4 path $
	at com.google.gson.stream.JsonReader.beginObject(JsonReader.java:393) ~[gson-2.10.jar%2372!/:?]
	at com.google.gson.internal.bind.MapTypeAdapterFactory$Adapter.read(MapTypeAdapterFactory.java:182) ~[gson-2.10.jar%2372!/:?]
	at com.google.gson.internal.bind.MapTypeAdapterFactory$Adapter.read(MapTypeAdapterFactory.java:144) ~[gson-2.10.jar%2372!/:?]
	at com.google.gson.Gson.fromJson(Gson.java:1214) ~[gson-2.10.jar%2372!/:?]
	... 6 more
[21Jun2025 03:50:32.408] [Forge Version Check/INFO] [net.minecraftforge.fml.VersionChecker/]: [mr_stellarity] Starting version check at https://api.modrinth.com/updates/bZgeDzN8/forge_updates.json
[21Jun2025 03:50:32.455] [Forge Version Check/INFO] [net.minecraftforge.fml.VersionChecker/]: [mr_stellarity] Found status: BETA_OUTDATED Current: 2.0d Target: 2.0e
[21Jun2025 03:50:32.455] [Forge Version Check/INFO] [net.minecraftforge.fml.VersionChecker/]: [aether] Starting version check at https://github.com/The-Aether-Team/The-Aether/raw/1.20.1-develop/update.json
[21Jun2025 03:50:32.475] [Forge Version Check/INFO] [net.minecraftforge.fml.VersionChecker/]: [aether] Found status: OUTDATED Current: 1.20.1-1.0.0-beta.2-neoforge Target: 1.20.1-1.5.2-neoforge
[21Jun2025 03:50:32.476] [Forge Version Check/INFO] [net.minecraftforge.fml.VersionChecker/]: [controlling] Starting version check at https://updates.blamejared.com/get?n=controlling&gv=1.20.1
[21Jun2025 03:50:32.584] [Forge Version Check/INFO] [net.minecraftforge.fml.VersionChecker/]: [controlling] Found status: BETA Current: 12.0.2 Target: 12.0.2
[21Jun2025 03:50:32.585] [Forge Version Check/INFO] [net.minecraftforge.fml.VersionChecker/]: [bookshelf] Starting version check at https://updates.blamejared.com/get?n=bookshelf&gv=1.20.1
[21Jun2025 03:50:32.688] [Forge Version Check/INFO] [net.minecraftforge.fml.VersionChecker/]: [bookshelf] Found status: BETA_OUTDATED Current: 20.1.6 Target: 20.2.13
[21Jun2025 03:50:32.688] [Forge Version Check/INFO] [net.minecraftforge.fml.VersionChecker/]: [additionalstructures] Starting version check at https://raw.githubusercontent.com/XxRexRaptorxX/Update-Checker/main/AdditionalStructures.json
[21Jun2025 03:50:32.697] [Forge Version Check/INFO] [net.minecraftforge.fml.VersionChecker/]: [additionalstructures] Found status: OUTDATED Current: 4.2.1 Target: 4.2.2
[21Jun2025 03:50:32.698] [Forge Version Check/INFO] [net.minecraftforge.fml.VersionChecker/]: [twilightforest] Starting version check at https://gh.tamaized.com/TeamTwilight/twilightforest/update.json
[21Jun2025 03:50:32.803] [Forge Version Check/INFO] [net.minecraftforge.fml.VersionChecker/]: [twilightforest] Found status: UP_TO_DATE Current: 4.3.1893 Target: null
[21Jun2025 03:50:32.804] [Forge Version Check/INFO] [net.minecraftforge.fml.VersionChecker/]: [diagonalblocks] Starting version check at https://raw.githubusercontent.com/Fuzss/modresources/main/update/diagonalblocks.json
[21Jun2025 03:50:32.814] [Forge Version Check/INFO] [net.minecraftforge.fml.VersionChecker/]: [diagonalblocks] Found status: BETA Current: 8.0.3 Target: null
[21Jun2025 03:50:32.814] [Forge Version Check/INFO] [net.minecraftforge.fml.VersionChecker/]: [diagonalwindows] Starting version check at https://raw.githubusercontent.com/Fuzss/modresources/main/update/diagonalwindows.json
[21Jun2025 03:50:32.829] [Forge Version Check/INFO] [net.minecraftforge.fml.VersionChecker/]: [diagonalwindows] Found status: OUTDATED Current: 8.1.3 Target: 8.1.5
[21Jun2025 03:50:32.829] [Forge Version Check/INFO] [net.minecraftforge.fml.VersionChecker/]: [easymagic] Starting version check at https://raw.githubusercontent.com/Fuzss/modresources/main/update/easymagic.json
[21Jun2025 03:50:32.840] [Forge Version Check/INFO] [net.minecraftforge.fml.VersionChecker/]: [easymagic] Found status: UP_TO_DATE Current: 8.0.1 Target: null
[21Jun2025 03:50:32.841] [Forge Version Check/INFO] [net.minecraftforge.fml.VersionChecker/]: [obscure_api] Starting version check at https://raw.githubusercontent.com/ObscuriaLithium/Home/main/obscure_api/versions.json
[21Jun2025 03:50:32.849] [Forge Version Check/WARN] [net.minecraftforge.fml.VersionChecker/]: Failed to process update information
com.google.gson.JsonSyntaxException: java.lang.IllegalStateException: Expected BEGIN_OBJECT but was NUMBER at line 1 column 4 path $
	at com.google.gson.Gson.fromJson(Gson.java:1226) ~[gson-2.10.jar%2372!/:?]
	at com.google.gson.Gson.fromJson(Gson.java:1124) ~[gson-2.10.jar%2372!/:?]
	at com.google.gson.Gson.fromJson(Gson.java:1034) ~[gson-2.10.jar%2372!/:?]
	at com.google.gson.Gson.fromJson(Gson.java:969) ~[gson-2.10.jar%2372!/:?]
	at net.minecraftforge.fml.VersionChecker$1.process(VersionChecker.java:183) ~[fmlcore-1.20.1-47.3.5.jar%23408!/:?]
	at java.lang.Iterable.forEach(Iterable.java:75) ~[?:?]
	at net.minecraftforge.fml.VersionChecker$1.run(VersionChecker.java:114) ~[fmlcore-1.20.1-47.3.5.jar%23408!/:?]
Caused by: java.lang.IllegalStateException: Expected BEGIN_OBJECT but was NUMBER at line 1 column 4 path $
	at com.google.gson.stream.JsonReader.beginObject(JsonReader.java:393) ~[gson-2.10.jar%2372!/:?]
	at com.google.gson.internal.bind.MapTypeAdapterFactory$Adapter.read(MapTypeAdapterFactory.java:182) ~[gson-2.10.jar%2372!/:?]
	at com.google.gson.internal.bind.MapTypeAdapterFactory$Adapter.read(MapTypeAdapterFactory.java:144) ~[gson-2.10.jar%2372!/:?]
	at com.google.gson.Gson.fromJson(Gson.java:1214) ~[gson-2.10.jar%2372!/:?]
	... 6 more
[21Jun2025 03:50:32.851] [Forge Version Check/INFO] [net.minecraftforge.fml.VersionChecker/]: [clumps] Starting version check at https://updates.blamejared.com/get?n=clumps&gv=1.20.1
[21Jun2025 03:50:32.954] [Forge Version Check/INFO] [net.minecraftforge.fml.VersionChecker/]: [clumps] Found status: BETA_OUTDATED Current: 12.0.0.3 Target: 12.0.0.4
[21Jun2025 03:50:32.954] [Forge Version Check/INFO] [net.minecraftforge.fml.VersionChecker/]: [journeymap] Starting version check at https://forge.curseupdate.com/32274/journeymap
[21Jun2025 03:50:33.032] [Forge Version Check/INFO] [net.minecraftforge.fml.VersionChecker/]: [journeymap] Found status: BETA Current: 5.9.18 Target: null
[21Jun2025 03:50:33.032] [Forge Version Check/INFO] [net.minecraftforge.fml.VersionChecker/]: [make_bubbles_pop] Starting version check at https://api.modrinth.com/updates/gPCdW0Wr/forge_updates.json
[21Jun2025 03:50:33.067] [Forge Version Check/INFO] [net.minecraftforge.fml.VersionChecker/]: [make_bubbles_pop] Found status: OUTDATED Current: 0.2.0-forge Target: 0.3.0-forge
[21Jun2025 03:50:33.068] [Forge Version Check/INFO] [net.minecraftforge.fml.VersionChecker/]: [moonlight] Starting version check at https://raw.githubusercontent.com/MehVahdJukaar/Moonlight/multi-loader/forge/update.json
[21Jun2025 03:50:33.076] [Forge Version Check/INFO] [net.minecraftforge.fml.VersionChecker/]: [moonlight] Found status: BETA Current: 1.20-2.8.67 Target: null
[21Jun2025 03:50:33.076] [Forge Version Check/INFO] [net.minecraftforge.fml.VersionChecker/]: [smoothboot] Starting version check at https://github.com/AbdElAziz333/SmoothBoot-Reloaded/raw/mc1.19.2/dev/updates.json
[21Jun2025 03:50:33.227] [Forge Version Check/WARN] [net.minecraftforge.fml.VersionChecker/]: Failed to process update information
com.google.gson.JsonSyntaxException: java.lang.IllegalStateException: Expected BEGIN_OBJECT but was STRING at line 9 column 1 path $
	at com.google.gson.Gson.fromJson(Gson.java:1226) ~[gson-2.10.jar%2372!/:?]
	at com.google.gson.Gson.fromJson(Gson.java:1124) ~[gson-2.10.jar%2372!/:?]
	at com.google.gson.Gson.fromJson(Gson.java:1034) ~[gson-2.10.jar%2372!/:?]
	at com.google.gson.Gson.fromJson(Gson.java:969) ~[gson-2.10.jar%2372!/:?]
	at net.minecraftforge.fml.VersionChecker$1.process(VersionChecker.java:183) ~[fmlcore-1.20.1-47.3.5.jar%23408!/:?]
	at java.lang.Iterable.forEach(Iterable.java:75) ~[?:?]
	at net.minecraftforge.fml.VersionChecker$1.run(VersionChecker.java:114) ~[fmlcore-1.20.1-47.3.5.jar%23408!/:?]
Caused by: java.lang.IllegalStateException: Expected BEGIN_OBJECT but was STRING at line 9 column 1 path $
	at com.google.gson.stream.JsonReader.beginObject(JsonReader.java:393) ~[gson-2.10.jar%2372!/:?]
	at com.google.gson.internal.bind.MapTypeAdapterFactory$Adapter.read(MapTypeAdapterFactory.java:182) ~[gson-2.10.jar%2372!/:?]
	at com.google.gson.internal.bind.MapTypeAdapterFactory$Adapter.read(MapTypeAdapterFactory.java:144) ~[gson-2.10.jar%2372!/:?]
	at com.google.gson.Gson.fromJson(Gson.java:1214) ~[gson-2.10.jar%2372!/:?]
	... 6 more
[21Jun2025 03:50:33.229] [Forge Version Check/INFO] [net.minecraftforge.fml.VersionChecker/]: [iceberg] Starting version check at https://mc-update-check.anthonyhilyard.com/520110
[21Jun2025 03:50:33.259] [Forge Version Check/INFO] [net.minecraftforge.fml.VersionChecker/]: [iceberg] Found status: OUTDATED Current: 1.1.16 Target: 1.1.25
[21Jun2025 03:50:33.259] [Forge Version Check/INFO] [net.minecraftforge.fml.VersionChecker/]: [diagonalfences] Starting version check at https://raw.githubusercontent.com/Fuzss/modresources/main/update/diagonalfences.json
[21Jun2025 03:50:33.268] [Forge Version Check/INFO] [net.minecraftforge.fml.VersionChecker/]: [diagonalfences] Found status: OUTDATED Current: 8.1.2 Target: 8.1.5
[21Jun2025 03:50:33.269] [Forge Version Check/INFO] [net.minecraftforge.fml.VersionChecker/]: [betterf3] Starting version check at https://api.modrinth.com/updates/betterf3/forge_updates.json
[21Jun2025 03:50:33.344] [Forge Version Check/INFO] [net.minecraftforge.fml.VersionChecker/]: [betterf3] Found status: UP_TO_DATE Current: 7.0.2 Target: null
[21Jun2025 03:50:36.833] [main/INFO] [com.mojang.authlib.yggdrasil.YggdrasilAuthenticationService/]: Environment: authHost='https://authserver.mojang.com', accountsHost='https://api.mojang.com', sessionHost='https://sessionserver.mojang.com', servicesHost='https://api.minecraftservices.com', name='PROD'
[21Jun2025 03:50:36.991] [main/ERROR] [net.minecraft.Util/]: Entity valhelsia_structures:mossy_skeleton has no attributes
[21Jun2025 03:50:36.992] [main/ERROR] [net.minecraft.Util/]: Entity valhelsia_structures:mossy_skeleton has no attributes
[21Jun2025 03:50:36.992] [main/ERROR] [net.minecraft.Util/]: Entity valhelsia_structures:mossy_skeleton has no attributes
[21Jun2025 03:50:36.992] [main/ERROR] [net.minecraft.Util/]: Entity valhelsia_structures:mossy_skeleton has no attributes
[21Jun2025 03:50:36.992] [main/ERROR] [net.minecraft.Util/]: Entity valhelsia_structures:mossy_skeleton has no attributes
[21Jun2025 03:50:36.992] [main/ERROR] [net.minecraft.Util/]: Entity valhelsia_structures:mossy_skeleton has no attributes
[21Jun2025 03:50:36.993] [main/ERROR] [net.minecraft.Util/]: Entity valhelsia_structures:mossy_skeleton has no attributes
[21Jun2025 03:50:36.993] [main/ERROR] [net.minecraft.Util/]: Entity valhelsia_structures:mossy_skeleton has no attributes
[21Jun2025 03:50:36.993] [main/ERROR] [net.minecraft.Util/]: Entity valhelsia_structures:mossy_skeleton has no attributes
[21Jun2025 03:50:36.993] [main/ERROR] [net.minecraft.Util/]: Entity valhelsia_structures:mossy_skeleton has no attributes
[21Jun2025 03:50:36.993] [main/ERROR] [net.minecraft.Util/]: Entity valhelsia_structures:mossy_skeleton has no attributes
[21Jun2025 03:50:36.993] [main/ERROR] [net.minecraft.Util/]: Entity valhelsia_structures:mossy_skeleton has no attributes
[21Jun2025 03:50:36.994] [main/ERROR] [net.minecraft.Util/]: Entity valhelsia_structures:mossy_skeleton has no attributes
[21Jun2025 03:50:36.994] [main/ERROR] [net.minecraft.Util/]: Entity valhelsia_structures:mossy_skeleton has no attributes
[21Jun2025 03:50:36.994] [main/ERROR] [net.minecraft.Util/]: Entity valhelsia_structures:mossy_skeleton has no attributes
[21Jun2025 03:50:36.994] [main/ERROR] [net.minecraft.Util/]: Entity valhelsia_structures:mossy_skeleton has no attributes
[21Jun2025 03:50:36.994] [main/ERROR] [net.minecraft.Util/]: Entity valhelsia_structures:mossy_skeleton has no attributes
[21Jun2025 03:50:36.995] [main/ERROR] [net.minecraft.Util/]: Entity valhelsia_structures:mossy_skeleton has no attributes
[21Jun2025 03:50:36.995] [main/ERROR] [net.minecraft.Util/]: Entity valhelsia_structures:mossy_skeleton has no attributes
[21Jun2025 03:50:36.995] [main/ERROR] [net.minecraft.Util/]: Entity valhelsia_structures:mossy_skeleton has no attributes
[21Jun2025 03:50:36.995] [main/ERROR] [net.minecraft.Util/]: Entity valhelsia_structures:mossy_skeleton has no attributes
[21Jun2025 03:50:36.995] [main/ERROR] [net.minecraft.Util/]: Entity valhelsia_structures:mossy_skeleton has no attributes
[21Jun2025 03:50:36.995] [main/ERROR] [net.minecraft.Util/]: Entity valhelsia_structures:mossy_skeleton has no attributes
[21Jun2025 03:50:36.996] [main/ERROR] [net.minecraft.Util/]: Entity valhelsia_structures:mossy_skeleton has no attributes
[21Jun2025 03:50:36.996] [main/ERROR] [net.minecraft.Util/]: Entity valhelsia_structures:mossy_skeleton has no attributes
[21Jun2025 03:50:36.996] [main/ERROR] [net.minecraft.Util/]: Entity valhelsia_structures:mossy_skeleton has no attributes
[21Jun2025 03:50:36.996] [main/ERROR] [net.minecraft.Util/]: Entity valhelsia_structures:mossy_skeleton has no attributes
[21Jun2025 03:50:36.996] [main/ERROR] [net.minecraft.Util/]: Entity valhelsia_structures:mossy_skeleton has no attributes
[21Jun2025 03:50:36.997] [main/ERROR] [net.minecraft.Util/]: Entity valhelsia_structures:mossy_skeleton has no attributes
[21Jun2025 03:50:36.997] [main/ERROR] [net.minecraft.Util/]: Entity valhelsia_structures:mossy_skeleton has no attributes
[21Jun2025 03:50:36.997] [main/ERROR] [net.minecraft.Util/]: Entity valhelsia_structures:mossy_skeleton has no attributes
[21Jun2025 03:50:36.997] [main/ERROR] [net.minecraft.Util/]: Entity valhelsia_structures:mossy_skeleton has no attributes
[21Jun2025 03:50:36.997] [main/ERROR] [net.minecraft.Util/]: Entity valhelsia_structures:mossy_skeleton has no attributes
[21Jun2025 03:50:36.998] [main/ERROR] [net.minecraft.Util/]: Entity valhelsia_structures:mossy_skeleton has no attributes
[21Jun2025 03:50:36.998] [main/ERROR] [net.minecraft.Util/]: Entity valhelsia_structures:mossy_skeleton has no attributes
[21Jun2025 03:50:36.998] [main/ERROR] [net.minecraft.Util/]: Entity valhelsia_structures:mossy_skeleton has no attributes
[21Jun2025 03:50:36.998] [main/ERROR] [net.minecraft.Util/]: Entity valhelsia_structures:mossy_skeleton has no attributes
[21Jun2025 03:50:36.998] [main/ERROR] [net.minecraft.Util/]: Entity valhelsia_structures:mossy_skeleton has no attributes
[21Jun2025 03:50:36.998] [main/ERROR] [net.minecraft.Util/]: Entity valhelsia_structures:mossy_skeleton has no attributes
[21Jun2025 03:50:36.998] [main/ERROR] [net.minecraft.Util/]: Entity valhelsia_structures:mossy_skeleton has no attributes
[21Jun2025 03:50:36.999] [main/ERROR] [net.minecraft.Util/]: Entity valhelsia_structures:mossy_skeleton has no attributes
[21Jun2025 03:50:36.999] [main/ERROR] [net.minecraft.Util/]: Entity valhelsia_structures:mossy_skeleton has no attributes
[21Jun2025 03:50:37.139] [main/ERROR] [net.minecraft.Util/]: Entity valhelsia_structures:mossy_skeleton has no attributes
[21Jun2025 03:50:37.140] [main/ERROR] [net.minecraft.Util/]: Entity valhelsia_structures:mossy_skeleton has no attributes
[21Jun2025 03:50:37.140] [main/ERROR] [net.minecraft.Util/]: Entity valhelsia_structures:mossy_skeleton has no attributes
[21Jun2025 03:50:37.140] [main/ERROR] [net.minecraft.Util/]: Entity valhelsia_structures:mossy_skeleton has no attributes
[21Jun2025 03:50:37.140] [main/ERROR] [net.minecraft.Util/]: Entity valhelsia_structures:mossy_skeleton has no attributes
[21Jun2025 03:50:37.140] [main/ERROR] [net.minecraft.Util/]: Entity valhelsia_structures:mossy_skeleton has no attributes
[21Jun2025 03:50:37.140] [main/ERROR] [net.minecraft.Util/]: Entity valhelsia_structures:mossy_skeleton has no attributes
[21Jun2025 03:50:37.141] [main/ERROR] [net.minecraft.Util/]: Entity valhelsia_structures:mossy_skeleton has no attributes
[21Jun2025 03:50:37.141] [main/ERROR] [net.minecraft.Util/]: Entity valhelsia_structures:mossy_skeleton has no attributes
[21Jun2025 03:50:37.141] [main/ERROR] [net.minecraft.Util/]: Entity valhelsia_structures:mossy_skeleton has no attributes
[21Jun2025 03:50:37.141] [main/ERROR] [net.minecraft.Util/]: Entity valhelsia_structures:mossy_skeleton has no attributes
[21Jun2025 03:50:37.141] [main/ERROR] [net.minecraft.Util/]: Entity valhelsia_structures:mossy_skeleton has no attributes
[21Jun2025 03:50:37.141] [main/ERROR] [net.minecraft.Util/]: Entity valhelsia_structures:mossy_skeleton has no attributes
[21Jun2025 03:50:37.142] [main/ERROR] [net.minecraft.Util/]: Entity valhelsia_structures:mossy_skeleton has no attributes
[21Jun2025 03:50:37.142] [main/ERROR] [net.minecraft.Util/]: Entity valhelsia_structures:mossy_skeleton has no attributes
[21Jun2025 03:50:37.142] [main/ERROR] [net.minecraft.Util/]: Entity valhelsia_structures:mossy_skeleton has no attributes
[21Jun2025 03:50:37.142] [main/ERROR] [net.minecraft.Util/]: Entity valhelsia_structures:mossy_skeleton has no attributes
[21Jun2025 03:50:37.142] [main/ERROR] [net.minecraft.Util/]: Entity valhelsia_structures:mossy_skeleton has no attributes
[21Jun2025 03:50:37.143] [main/ERROR] [net.minecraft.Util/]: Entity valhelsia_structures:mossy_skeleton has no attributes
[21Jun2025 03:50:37.143] [main/ERROR] [net.minecraft.Util/]: Entity valhelsia_structures:mossy_skeleton has no attributes
[21Jun2025 03:50:37.143] [main/ERROR] [net.minecraft.Util/]: Entity valhelsia_structures:mossy_skeleton has no attributes
[21Jun2025 03:50:37.143] [main/ERROR] [net.minecraft.Util/]: Entity valhelsia_structures:mossy_skeleton has no attributes
[21Jun2025 03:50:37.143] [main/ERROR] [net.minecraft.Util/]: Entity valhelsia_structures:mossy_skeleton has no attributes
[21Jun2025 03:50:37.143] [main/ERROR] [net.minecraft.Util/]: Entity valhelsia_structures:mossy_skeleton has no attributes
[21Jun2025 03:50:37.144] [main/ERROR] [net.minecraft.Util/]: Entity valhelsia_structures:mossy_skeleton has no attributes
[21Jun2025 03:50:37.144] [main/ERROR] [net.minecraft.Util/]: Entity valhelsia_structures:mossy_skeleton has no attributes
[21Jun2025 03:50:37.144] [main/ERROR] [net.minecraft.Util/]: Entity valhelsia_structures:mossy_skeleton has no attributes
[21Jun2025 03:50:37.144] [main/ERROR] [net.minecraft.Util/]: Entity valhelsia_structures:mossy_skeleton has no attributes
[21Jun2025 03:50:37.144] [main/ERROR] [net.minecraft.Util/]: Entity valhelsia_structures:mossy_skeleton has no attributes
[21Jun2025 03:50:37.145] [main/ERROR] [net.minecraft.Util/]: Entity valhelsia_structures:mossy_skeleton has no attributes
[21Jun2025 03:50:37.145] [main/ERROR] [net.minecraft.Util/]: Entity valhelsia_structures:mossy_skeleton has no attributes
[21Jun2025 03:50:37.145] [main/ERROR] [net.minecraft.Util/]: Entity valhelsia_structures:mossy_skeleton has no attributes
[21Jun2025 03:50:37.145] [main/ERROR] [net.minecraft.Util/]: Entity valhelsia_structures:mossy_skeleton has no attributes
[21Jun2025 03:50:37.145] [main/ERROR] [net.minecraft.Util/]: Entity valhelsia_structures:mossy_skeleton has no attributes
[21Jun2025 03:50:37.145] [main/ERROR] [net.minecraft.Util/]: Entity valhelsia_structures:mossy_skeleton has no attributes
[21Jun2025 03:50:37.146] [main/ERROR] [net.minecraft.Util/]: Entity valhelsia_structures:mossy_skeleton has no attributes
[21Jun2025 03:50:37.146] [main/ERROR] [net.minecraft.Util/]: Entity valhelsia_structures:mossy_skeleton has no attributes
[21Jun2025 03:50:37.146] [main/ERROR] [net.minecraft.Util/]: Entity valhelsia_structures:mossy_skeleton has no attributes
[21Jun2025 03:50:37.146] [main/ERROR] [net.minecraft.Util/]: Entity valhelsia_structures:mossy_skeleton has no attributes
[21Jun2025 03:50:37.146] [main/ERROR] [net.minecraft.Util/]: Entity valhelsia_structures:mossy_skeleton has no attributes
[21Jun2025 03:50:37.147] [main/ERROR] [net.minecraft.Util/]: Entity valhelsia_structures:mossy_skeleton has no attributes
[21Jun2025 03:50:37.147] [main/ERROR] [net.minecraft.Util/]: Entity valhelsia_structures:mossy_skeleton has no attributes
[21Jun2025 03:50:41.510] [main/WARN] [net.minecraft.server.packs.VanillaPackResourcesBuilder/]: Assets URL 'union:/workspaces/SERVEEER/servidor_minecraft/libraries/net/minecraft/server/1.20.1-20230612.114412/server-1.20.1-20230612.114412-srg.jar%23407!/assets/.mcassetsroot' uses unexpected schema
[21Jun2025 03:50:41.510] [main/WARN] [net.minecraft.server.packs.VanillaPackResourcesBuilder/]: Assets URL 'union:/workspaces/SERVEEER/servidor_minecraft/libraries/net/minecraft/server/1.20.1-20230612.114412/server-1.20.1-20230612.114412-srg.jar%23407!/data/.mcassetsroot' uses unexpected schema
[21Jun2025 03:50:41.596] [main/ERROR] [Cristel Lib/]: Cristel Lib Config Pack has no data
[21Jun2025 03:50:41.598] [main/WARN] [Cristel Lib/]: T&T Waystone Patch Pack accepted!
[21Jun2025 03:50:41.783] [main/ERROR] [net.minecraft.Util/]: Invalid path in pack: fokastudio:worldgen/biome/README.md, ignoring
[21Jun2025 03:50:45.118] [main/INFO] [com.github.alexthe666.alexsmobs.AlexsMobs/]: Adding datapack listener capsid_recipes
[21Jun2025 03:50:45.119] [main/INFO] [com.github.L_Ender.cataclysm.Cataclysm/]: Adding datapack listener altar_of_amethyst_recipes
[21Jun2025 03:50:45.237] [Worker-Main2/ERROR] [net.minecraft.tags.TagLoader/]: No key values in MapLike[{}]
[21Jun2025 03:50:45.237] [Worker-Main2/ERROR] [net.minecraft.tags.TagLoader/]: Couldn't read tag list phenomena:no_basalt from phenomena:tags/worldgen/structure/no_basalt.json in data pack Phenomena-2.3.2c-1.20.jar
java.lang.RuntimeException: No key values in MapLike[{}]
	at com.mojang.serialization.DataResult.lambda$getOrThrow$5(DataResult.java:101) ~[datafixerupper-6.0.8.jar%2377!/:?]
	at com.mojang.datafixers.util.Either$Right.map(Either.java:99) ~[datafixerupper-6.0.8.jar%2377!/:?]
	at com.mojang.serialization.DataResult.getOrThrow(DataResult.java:93) ~[datafixerupper-6.0.8.jar%2377!/:?]
	at net.minecraft.tags.TagLoader.m_144495_(TagLoader.java:53) ~[server-1.20.1-20230612.114412-srg.jar%23407!/:?]
	at net.minecraft.tags.TagLoader.m_203900_(TagLoader.java:114) ~[server-1.20.1-20230612.114412-srg.jar%23407!/:?]
	at net.minecraft.tags.TagManager.m_203920_(TagManager.java:55) ~[server-1.20.1-20230612.114412-srg.jar%23407!/:?]
	at java.util.concurrent.CompletableFuture$AsyncSupply.run(CompletableFuture.java:1768) ~[?:?]
	at java.util.concurrent.CompletableFuture$AsyncSupply.exec(CompletableFuture.java:1760) ~[?:?]
	at java.util.concurrent.ForkJoinTask.doExec(ForkJoinTask.java:373) ~[?:?]
	at java.util.concurrent.ForkJoinPool$WorkQueue.topLevelExec(ForkJoinPool.java:1182) ~[?:?]
	at java.util.concurrent.ForkJoinPool.scan(ForkJoinPool.java:1655) ~[?:?]
	at java.util.concurrent.ForkJoinPool.runWorker(ForkJoinPool.java:1622) ~[?:?]
	at java.util.concurrent.ForkJoinWorkerThread.run(ForkJoinWorkerThread.java:165) ~[?:?]
[21Jun2025 03:50:45.273] [Worker-Main2/ERROR] [net.minecraft.tags.TagLoader/]: Couldn't load tag cataclysm:trap_block_not_detected as it is missing following references: cataclysm:ancient_remnant (from L_Enders_Cataclysm-1.39 -1.20.1.jar)
[21Jun2025 03:50:45.362] [Worker-Main2/ERROR] [net.minecraft.tags.TagLoader/]: Couldn't load tag forge:is_eyestalker as it is missing following references: #forge:is_end (from enemyexpansion-2.3.1-forge-1.20.1.jar)
[21Jun2025 03:50:45.365] [Worker-Main2/ERROR] [net.minecraft.tags.TagLoader/]: Couldn't load tag alexsmobs:skreechers_can_spawn_wardens as it is missing following references: deeperdarker:otherside (from deeperdarker-forge-1.20.1-1.2.1.jar)
[21Jun2025 03:50:45.367] [Worker-Main3/ERROR] [net.minecraft.tags.TagLoader/]: Couldn't load tag eldritch_end:etyr_armor as it is missing following references: epicsamurai:etyrite_samurai_helmet (from epicsamurai-0.0.32-1.20.1-neo.jar), 
	epicsamurai:etyrite_samurai_chestplate (from epicsamurai-0.0.32-1.20.1-neo.jar), 
	epicsamurai:etyrite_samurai_leggings (from epicsamurai-0.0.32-1.20.1-neo.jar), 
	epicsamurai:etyrite_samurai_boots (from epicsamurai-0.0.32-1.20.1-neo.jar)
[21Jun2025 03:50:45.368] [Worker-Main2/ERROR] [net.minecraft.tags.TagLoader/]: Couldn't load tag forge:is_flutterfly as it is missing following references: #forge:is_magical (from enemyexpansion-2.3.1-forge-1.20.1.jar)
[21Jun2025 03:50:45.481] [Worker-Main3/ERROR] [net.minecraft.tags.TagLoader/]: Couldn't load tag forge:ores/amethyst as it is missing following references: minecraft:amethyst_shard (from epicsamurai-0.0.32-1.20.1-neo.jar)
[21Jun2025 03:50:50.890] [main/INFO] [net.minecraft.world.item.crafting.RecipeManager/]: Skipping loading recipe epicsamurai:dye_ars_nouveau_helmet as it's serializer returned null
[21Jun2025 03:50:50.894] [main/INFO] [net.minecraft.world.item.crafting.RecipeManager/]: Skipping loading recipe epicsamurai:dye_ars_nouveau_leggings as it's serializer returned null
[21Jun2025 03:50:50.916] [main/INFO] [net.minecraft.world.item.crafting.RecipeManager/]: Skipping loading recipe epicsamurai:source_gem_samruai_helmet_ritual as it's serializer returned null
[21Jun2025 03:50:50.918] [main/INFO] [net.minecraft.world.item.crafting.RecipeManager/]: Skipping loading recipe epicsamurai:brass_samruai_helmet_mechanical_crafting as it's serializer returned null
[21Jun2025 03:50:50.921] [main/INFO] [net.minecraft.world.item.crafting.RecipeManager/]: Skipping loading recipe epicsamurai:brass_samruai_chestplate_mechanical_crafting as it's serializer returned null
[21Jun2025 03:50:50.923] [main/INFO] [net.minecraft.world.item.crafting.RecipeManager/]: Skipping loading recipe twilightforest:jeed/frosted as it's serializer returned null
[21Jun2025 03:50:50.924] [main/INFO] [net.minecraft.world.item.crafting.RecipeManager/]: Skipping loading recipe epicsamurai:neptunium_samurai_boots as it's serializer returned null
[21Jun2025 03:50:50.927] [main/INFO] [net.minecraft.world.item.crafting.RecipeManager/]: Skipping loading recipe epicsamurai:etyrite_samruai_chestplate_smithing as it's serializer returned null
[21Jun2025 03:50:50.927] [main/INFO] [net.minecraft.world.item.crafting.RecipeManager/]: Skipping loading recipe epicsamurai:neptunium_samurai_chestplate as it's serializer returned null
[21Jun2025 03:50:50.928] [main/INFO] [net.minecraft.world.item.crafting.RecipeManager/]: Skipping loading recipe twilightforest:jeed/hunger as it's serializer returned null
[21Jun2025 03:50:50.930] [main/INFO] [net.minecraft.world.item.crafting.RecipeManager/]: Skipping loading recipe epicsamurai:neptunium_samurai_leggings as it's serializer returned null
[21Jun2025 03:50:50.930] [main/INFO] [net.minecraft.world.item.crafting.RecipeManager/]: Skipping loading recipe epicsamurai:neptunium_samurai_helmet as it's serializer returned null
[21Jun2025 03:50:50.935] [main/INFO] [net.minecraft.world.item.crafting.RecipeManager/]: Skipping loading recipe epicsamurai:brass_repair_kit_mechanical_crafting as it's serializer returned null
[21Jun2025 03:50:50.939] [main/INFO] [net.minecraft.world.item.crafting.RecipeManager/]: Skipping loading recipe epicsamurai:living_samruai_boots_array as it's serializer returned null
[21Jun2025 03:50:50.939] [main/INFO] [net.minecraft.world.item.crafting.RecipeManager/]: Skipping loading recipe epicsamurai:living_samruai_boots_helmet as it's serializer returned null
[21Jun2025 03:50:50.940] [main/INFO] [net.minecraft.world.item.crafting.RecipeManager/]: Skipping loading recipe epicsamurai:etyrite_samruai_leggings_smithing as it's serializer returned null
[21Jun2025 03:50:50.945] [main/INFO] [net.minecraft.world.item.crafting.RecipeManager/]: Skipping loading recipe epicsamurai:source_gem_samruai_leggings_ritual as it's serializer returned null
[21Jun2025 03:50:50.945] [main/INFO] [net.minecraft.world.item.crafting.RecipeManager/]: Skipping loading recipe epicsamurai:dye_ars_nouveau_boots as it's serializer returned null
[21Jun2025 03:50:50.957] [main/ERROR] [net.minecraft.world.item.crafting.RecipeManager/]: Parsing error loading recipe unusualprehistory:trike_shield_smithing
com.google.gson.JsonSyntaxException: Invalid or unsupported recipe type 'minecraft:smithing'
	at net.minecraft.world.item.crafting.RecipeManager.m_220253_(RecipeManager.java:170) ~[server-1.20.1-20230612.114412-srg.jar%23407!/:?]
	at java.util.Optional.orElseThrow(Optional.java:403) ~[?:?]
	at net.minecraft.world.item.crafting.RecipeManager.fromJson(RecipeManager.java:169) ~[server-1.20.1-20230612.114412-srg.jar%23407!/:?]
	at net.minecraft.world.item.crafting.RecipeManager.m_5787_(RecipeManager.java:67) ~[server-1.20.1-20230612.114412-srg.jar%23407!/:?]
	at net.minecraft.world.item.crafting.RecipeManager.m_5787_(RecipeManager.java:34) ~[server-1.20.1-20230612.114412-srg.jar%23407!/:?]
	at net.minecraft.server.packs.resources.SimplePreparableReloadListener.m_10789_(SimplePreparableReloadListener.java:13) ~[server-1.20.1-20230612.114412-srg.jar%23407!/:?]
	at java.util.concurrent.CompletableFuture$UniAccept.tryFire(CompletableFuture.java:718) ~[?:?]
	at java.util.concurrent.CompletableFuture$Completion.run(CompletableFuture.java:482) ~[?:?]
	at net.minecraft.server.packs.resources.SimpleReloadInstance.m_143940_(SimpleReloadInstance.java:69) ~[server-1.20.1-20230612.114412-srg.jar%23407!/:?]
	at net.minecraft.Util.m_214652_(Util.java:783) ~[server-1.20.1-20230612.114412-srg.jar%23407!/:?]
	at net.minecraft.Util.m_214679_(Util.java:772) ~[server-1.20.1-20230612.114412-srg.jar%23407!/:?]
	at net.minecraft.server.Main.main(Main.java:166) ~[server-1.20.1-20230612.114412-srg.jar%23407!/:?]
	at jdk.internal.reflect.NativeMethodAccessorImpl.invoke0(Native Method) ~[?:?]
	at jdk.internal.reflect.NativeMethodAccessorImpl.invoke(NativeMethodAccessorImpl.java:77) ~[?:?]
	at jdk.internal.reflect.DelegatingMethodAccessorImpl.invoke(DelegatingMethodAccessorImpl.java:43) ~[?:?]
	at java.lang.reflect.Method.invoke(Method.java:569) ~[?:?]
	at net.minecraftforge.fml.loading.targets.CommonLaunchHandler.runTarget(CommonLaunchHandler.java:111) ~[fmlloader-1.20.1-47.3.5.jar%2369!/:?]
	at net.minecraftforge.fml.loading.targets.CommonLaunchHandler.serverService(CommonLaunchHandler.java:103) ~[fmlloader-1.20.1-47.3.5.jar%2369!/:?]
	at net.minecraftforge.fml.loading.targets.CommonServerLaunchHandler.lambda$makeService$0(CommonServerLaunchHandler.java:27) ~[fmlloader-1.20.1-47.3.5.jar%2369!/:?]
	at cpw.mods.modlauncher.LaunchServiceHandlerDecorator.launch(LaunchServiceHandlerDecorator.java:30) ~[modlauncher-10.0.9.jar%2355!/:?]
	at cpw.mods.modlauncher.LaunchServiceHandler.launch(LaunchServiceHandler.java:53) ~[modlauncher-10.0.9.jar%2355!/:?]
	at cpw.mods.modlauncher.LaunchServiceHandler.launch(LaunchServiceHandler.java:71) ~[modlauncher-10.0.9.jar%2355!/:?]
	at cpw.mods.modlauncher.Launcher.run(Launcher.java:108) ~[modlauncher-10.0.9.jar%2355!/:?]
	at cpw.mods.modlauncher.Launcher.main(Launcher.java:78) ~[modlauncher-10.0.9.jar%2355!/:?]
	at cpw.mods.modlauncher.BootstrapLaunchConsumer.accept(BootstrapLaunchConsumer.java:26) ~[modlauncher-10.0.9.jar%2355!/:?]
	at cpw.mods.modlauncher.BootstrapLaunchConsumer.accept(BootstrapLaunchConsumer.java:23) ~[modlauncher-10.0.9.jar%2355!/:?]
	at cpw.mods.bootstraplauncher.BootstrapLauncher.main(BootstrapLauncher.java:141) ~[bootstraplauncher-1.1.2.jar:?]
[21Jun2025 03:50:50.969] [main/INFO] [net.minecraft.world.item.crafting.RecipeManager/]: Skipping loading recipe twilightforest:jeed/blindness as it's serializer returned null
[21Jun2025 03:50:50.970] [main/INFO] [net.minecraft.world.item.crafting.RecipeManager/]: Skipping loading recipe epicsamurai:brass_samruai_leggings_mechanical_crafting as it's serializer returned null
[21Jun2025 03:50:50.974] [main/INFO] [net.minecraft.world.item.crafting.RecipeManager/]: Skipping loading recipe epicsamurai:source_gem_samruai_boots_ritual as it's serializer returned null
[21Jun2025 03:50:50.979] [main/INFO] [net.minecraft.world.item.crafting.RecipeManager/]: Skipping loading recipe twilightforest:jeed/poison as it's serializer returned null
[21Jun2025 03:50:50.986] [main/INFO] [net.minecraft.world.item.crafting.RecipeManager/]: Skipping loading recipe epicsamurai:living_samruai_leggings_array as it's serializer returned null
[21Jun2025 03:50:51.008] [main/INFO] [net.minecraft.world.item.crafting.RecipeManager/]: Skipping loading recipe epicsamurai:living_samruai_chestplate_array as it's serializer returned null
[21Jun2025 03:50:51.009] [main/INFO] [net.minecraft.world.item.crafting.RecipeManager/]: Skipping loading recipe twilightforest:jeed/resistance as it's serializer returned null
[21Jun2025 03:50:51.011] [main/INFO] [net.minecraft.world.item.crafting.RecipeManager/]: Skipping loading recipe epicsamurai:etyrite_samruai_helmet_smithing as it's serializer returned null
[21Jun2025 03:50:51.019] [main/ERROR] [net.minecraft.world.item.crafting.RecipeManager/]: Parsing error loading recipe naturalist:frontier_cap
com.google.gson.JsonSyntaxException: Invalid or unsupported recipe type 'forge:mod_loaded'
	at net.minecraft.world.item.crafting.RecipeManager.m_220253_(RecipeManager.java:170) ~[server-1.20.1-20230612.114412-srg.jar%23407!/:?]
	at java.util.Optional.orElseThrow(Optional.java:403) ~[?:?]
	at net.minecraft.world.item.crafting.RecipeManager.fromJson(RecipeManager.java:169) ~[server-1.20.1-20230612.114412-srg.jar%23407!/:?]
	at net.minecraft.world.item.crafting.RecipeManager.m_5787_(RecipeManager.java:67) ~[server-1.20.1-20230612.114412-srg.jar%23407!/:?]
	at net.minecraft.world.item.crafting.RecipeManager.m_5787_(RecipeManager.java:34) ~[server-1.20.1-20230612.114412-srg.jar%23407!/:?]
	at net.minecraft.server.packs.resources.SimplePreparableReloadListener.m_10789_(SimplePreparableReloadListener.java:13) ~[server-1.20.1-20230612.114412-srg.jar%23407!/:?]
	at java.util.concurrent.CompletableFuture$UniAccept.tryFire(CompletableFuture.java:718) ~[?:?]
	at java.util.concurrent.CompletableFuture$Completion.run(CompletableFuture.java:482) ~[?:?]
	at net.minecraft.server.packs.resources.SimpleReloadInstance.m_143940_(SimpleReloadInstance.java:69) ~[server-1.20.1-20230612.114412-srg.jar%23407!/:?]
	at net.minecraft.Util.m_214652_(Util.java:783) ~[server-1.20.1-20230612.114412-srg.jar%23407!/:?]
	at net.minecraft.Util.m_214679_(Util.java:772) ~[server-1.20.1-20230612.114412-srg.jar%23407!/:?]
	at net.minecraft.server.Main.main(Main.java:166) ~[server-1.20.1-20230612.114412-srg.jar%23407!/:?]
	at jdk.internal.reflect.NativeMethodAccessorImpl.invoke0(Native Method) ~[?:?]
	at jdk.internal.reflect.NativeMethodAccessorImpl.invoke(NativeMethodAccessorImpl.java:77) ~[?:?]
	at jdk.internal.reflect.DelegatingMethodAccessorImpl.invoke(DelegatingMethodAccessorImpl.java:43) ~[?:?]
	at java.lang.reflect.Method.invoke(Method.java:569) ~[?:?]
	at net.minecraftforge.fml.loading.targets.CommonLaunchHandler.runTarget(CommonLaunchHandler.java:111) ~[fmlloader-1.20.1-47.3.5.jar%2369!/:?]
	at net.minecraftforge.fml.loading.targets.CommonLaunchHandler.serverService(CommonLaunchHandler.java:103) ~[fmlloader-1.20.1-47.3.5.jar%2369!/:?]
	at net.minecraftforge.fml.loading.targets.CommonServerLaunchHandler.lambda$makeService$0(CommonServerLaunchHandler.java:27) ~[fmlloader-1.20.1-47.3.5.jar%2369!/:?]
	at cpw.mods.modlauncher.LaunchServiceHandlerDecorator.launch(LaunchServiceHandlerDecorator.java:30) ~[modlauncher-10.0.9.jar%2355!/:?]
	at cpw.mods.modlauncher.LaunchServiceHandler.launch(LaunchServiceHandler.java:53) ~[modlauncher-10.0.9.jar%2355!/:?]
	at cpw.mods.modlauncher.LaunchServiceHandler.launch(LaunchServiceHandler.java:71) ~[modlauncher-10.0.9.jar%2355!/:?]
	at cpw.mods.modlauncher.Launcher.run(Launcher.java:108) ~[modlauncher-10.0.9.jar%2355!/:?]
	at cpw.mods.modlauncher.Launcher.main(Launcher.java:78) ~[modlauncher-10.0.9.jar%2355!/:?]
	at cpw.mods.modlauncher.BootstrapLaunchConsumer.accept(BootstrapLaunchConsumer.java:26) ~[modlauncher-10.0.9.jar%2355!/:?]
	at cpw.mods.modlauncher.BootstrapLaunchConsumer.accept(BootstrapLaunchConsumer.java:23) ~[modlauncher-10.0.9.jar%2355!/:?]
	at cpw.mods.bootstraplauncher.BootstrapLauncher.main(BootstrapLauncher.java:141) ~[bootstraplauncher-1.1.2.jar:?]
[21Jun2025 03:50:51.027] [main/ERROR] [net.minecraft.world.item.crafting.RecipeManager/]: Parsing error loading recipe naturalist:frontier_cap_alt
com.google.gson.JsonSyntaxException: Invalid or unsupported recipe type 'forge:mod_loaded'
	at net.minecraft.world.item.crafting.RecipeManager.m_220253_(RecipeManager.java:170) ~[server-1.20.1-20230612.114412-srg.jar%23407!/:?]
	at java.util.Optional.orElseThrow(Optional.java:403) ~[?:?]
	at net.minecraft.world.item.crafting.RecipeManager.fromJson(RecipeManager.java:169) ~[server-1.20.1-20230612.114412-srg.jar%23407!/:?]
	at net.minecraft.world.item.crafting.RecipeManager.m_5787_(RecipeManager.java:67) ~[server-1.20.1-20230612.114412-srg.jar%23407!/:?]
	at net.minecraft.world.item.crafting.RecipeManager.m_5787_(RecipeManager.java:34) ~[server-1.20.1-20230612.114412-srg.jar%23407!/:?]
	at net.minecraft.server.packs.resources.SimplePreparableReloadListener.m_10789_(SimplePreparableReloadListener.java:13) ~[server-1.20.1-20230612.114412-srg.jar%23407!/:?]
	at java.util.concurrent.CompletableFuture$UniAccept.tryFire(CompletableFuture.java:718) ~[?:?]
	at java.util.concurrent.CompletableFuture$Completion.run(CompletableFuture.java:482) ~[?:?]
	at net.minecraft.server.packs.resources.SimpleReloadInstance.m_143940_(SimpleReloadInstance.java:69) ~[server-1.20.1-20230612.114412-srg.jar%23407!/:?]
	at net.minecraft.Util.m_214652_(Util.java:783) ~[server-1.20.1-20230612.114412-srg.jar%23407!/:?]
	at net.minecraft.Util.m_214679_(Util.java:772) ~[server-1.20.1-20230612.114412-srg.jar%23407!/:?]
	at net.minecraft.server.Main.main(Main.java:166) ~[server-1.20.1-20230612.114412-srg.jar%23407!/:?]
	at jdk.internal.reflect.NativeMethodAccessorImpl.invoke0(Native Method) ~[?:?]
	at jdk.internal.reflect.NativeMethodAccessorImpl.invoke(NativeMethodAccessorImpl.java:77) ~[?:?]
	at jdk.internal.reflect.DelegatingMethodAccessorImpl.invoke(DelegatingMethodAccessorImpl.java:43) ~[?:?]
	at java.lang.reflect.Method.invoke(Method.java:569) ~[?:?]
	at net.minecraftforge.fml.loading.targets.CommonLaunchHandler.runTarget(CommonLaunchHandler.java:111) ~[fmlloader-1.20.1-47.3.5.jar%2369!/:?]
	at net.minecraftforge.fml.loading.targets.CommonLaunchHandler.serverService(CommonLaunchHandler.java:103) ~[fmlloader-1.20.1-47.3.5.jar%2369!/:?]
	at net.minecraftforge.fml.loading.targets.CommonServerLaunchHandler.lambda$makeService$0(CommonServerLaunchHandler.java:27) ~[fmlloader-1.20.1-47.3.5.jar%2369!/:?]
	at cpw.mods.modlauncher.LaunchServiceHandlerDecorator.launch(LaunchServiceHandlerDecorator.java:30) ~[modlauncher-10.0.9.jar%2355!/:?]
	at cpw.mods.modlauncher.LaunchServiceHandler.launch(LaunchServiceHandler.java:53) ~[modlauncher-10.0.9.jar%2355!/:?]
	at cpw.mods.modlauncher.LaunchServiceHandler.launch(LaunchServiceHandler.java:71) ~[modlauncher-10.0.9.jar%2355!/:?]
	at cpw.mods.modlauncher.Launcher.run(Launcher.java:108) ~[modlauncher-10.0.9.jar%2355!/:?]
	at cpw.mods.modlauncher.Launcher.main(Launcher.java:78) ~[modlauncher-10.0.9.jar%2355!/:?]
	at cpw.mods.modlauncher.BootstrapLaunchConsumer.accept(BootstrapLaunchConsumer.java:26) ~[modlauncher-10.0.9.jar%2355!/:?]
	at cpw.mods.modlauncher.BootstrapLaunchConsumer.accept(BootstrapLaunchConsumer.java:23) ~[modlauncher-10.0.9.jar%2355!/:?]
	at cpw.mods.bootstraplauncher.BootstrapLauncher.main(BootstrapLauncher.java:141) ~[bootstraplauncher-1.1.2.jar:?]
[21Jun2025 03:50:51.032] [main/INFO] [net.minecraft.world.item.crafting.RecipeManager/]: Skipping loading recipe epicsamurai:source_gem_samruai_chestplate_ritual as it's serializer returned null
[21Jun2025 03:50:51.044] [main/INFO] [net.minecraft.world.item.crafting.RecipeManager/]: Skipping loading recipe epicsamurai:dye_ars_nouveau_chestplate as it's serializer returned null
[21Jun2025 03:50:51.057] [main/INFO] [net.minecraft.world.item.crafting.RecipeManager/]: Skipping loading recipe epicsamurai:brass_samruai_boots_mechanical_crafting as it's serializer returned null
[21Jun2025 03:50:51.059] [main/INFO] [net.minecraft.world.item.crafting.RecipeManager/]: Skipping loading recipe twilightforest:jeed/regeneration as it's serializer returned null
[21Jun2025 03:50:51.062] [main/INFO] [net.minecraft.world.item.crafting.RecipeManager/]: Skipping loading recipe twilightforest:jeed/slowness as it's serializer returned null
[21Jun2025 03:50:51.069] [main/INFO] [net.minecraft.world.item.crafting.RecipeManager/]: Skipping loading recipe epicsamurai:etyrite_samruai_boots_smithing as it's serializer returned null
[21Jun2025 03:50:51.069] [main/INFO] [net.minecraft.world.item.crafting.RecipeManager/]: Skipping loading recipe twilightforest:jeed/fire_resistance as it's serializer returned null
[21Jun2025 03:50:51.074] [main/INFO] [net.minecraft.world.item.crafting.RecipeManager/]: Loaded 28 recipes
[21Jun2025 03:50:51.075] [main/ERROR] [net.minecraft.server.ServerFunctionLibrary/]: Failed to load function enemyexpansion:silver_exes
java.util.concurrent.CompletionException: java.lang.IllegalArgumentException: Whilst parsing command on line 1: Incorrect argument for command at position 25: ...erfriends <--[HERE]
	at java.util.concurrent.CompletableFuture.encodeThrowable(CompletableFuture.java:315) ~[?:?]
	at java.util.concurrent.CompletableFuture.completeThrowable(CompletableFuture.java:320) ~[?:?]
	at java.util.concurrent.CompletableFuture$AsyncSupply.run(CompletableFuture.java:1770) ~[?:?]
	at java.util.concurrent.CompletableFuture$AsyncSupply.exec(CompletableFuture.java:1760) ~[?:?]
	at java.util.concurrent.ForkJoinTask.doExec(ForkJoinTask.java:373) ~[?:?]
	at java.util.concurrent.ForkJoinPool$WorkQueue.topLevelExec(ForkJoinPool.java:1182) ~[?:?]
	at java.util.concurrent.ForkJoinPool.scan(ForkJoinPool.java:1655) ~[?:?]
	at java.util.concurrent.ForkJoinPool.runWorker(ForkJoinPool.java:1622) ~[?:?]
	at java.util.concurrent.ForkJoinWorkerThread.run(ForkJoinWorkerThread.java:165) ~[?:?]
Caused by: java.lang.IllegalArgumentException: Whilst parsing command on line 1: Incorrect argument for command at position 25: ...erfriends <--[HERE]
	at net.minecraft.commands.CommandFunction.m_77984_(CommandFunction.java:63) ~[server-1.20.1-20230612.114412-srg.jar%23407!/:?]
	at net.minecraft.server.ServerFunctionLibrary.m_214320_(ServerFunctionLibrary.java:83) ~[server-1.20.1-20230612.114412-srg.jar%23407!/:?]
	at java.util.concurrent.CompletableFuture$AsyncSupply.run(CompletableFuture.java:1768) ~[?:?]
	... 6 more
[21Jun2025 03:50:51.127] [main/ERROR] [net.minecraft.server.ServerAdvancementManager/]: Parsing error loading custom advancement spawn:adventure/interact_with_angler_fish: Invalid criterion trigger: spawn:interact_with_angler_fish
[21Jun2025 03:50:51.166] [main/ERROR] [net.minecraft.server.ServerAdvancementManager/]: Parsing error loading custom advancement spawn:husbandry/open_hamster_inventory: Invalid criterion trigger: spawn:open_hamster_inventory
[21Jun2025 03:50:51.216] [main/ERROR] [net.minecraft.server.ServerAdvancementManager/]: Parsing error loading custom advancement spawn:husbandry/went_through_ghostly_mucus: Invalid criterion trigger: spawn:went_through_ghostly_mucus
[21Jun2025 03:50:51.239] [main/ERROR] [net.minecraft.server.ServerAdvancementManager/]: Parsing error loading custom advancement spawn:husbandry/got_stuck_in_mucus: Invalid criterion trigger: spawn:got_stuck_in_mucus
[21Jun2025 03:50:51.301] [main/ERROR] [net.minecraft.server.ServerAdvancementManager/]: Parsing error loading custom advancement minecraft:main/tame_barina: Failed to parse 'location' field
[21Jun2025 03:50:51.301] [main/ERROR] [net.minecraft.server.ServerAdvancementManager/]: Parsing error loading custom advancement spawn:husbandry/hatch_ant: Invalid criterion trigger: spawn:hatch_ant
[21Jun2025 03:50:51.332] [main/ERROR] [net.minecraft.server.ServerAdvancementManager/]: Parsing error loading custom advancement beautify:progression/candelabra: Expected item to be an item, was unknown string 'beautify:lamp_candleabra'
[21Jun2025 03:50:51.358] [main/INFO] [net.minecraft.advancements.AdvancementList/]: Loaded 5314 advancements
[21Jun2025 03:50:51.378] [main/INFO] [top.theillusivec4.curios.Curios/]: Loaded 16 curio slots
[21Jun2025 03:50:51.380] [main/INFO] [top.theillusivec4.curios.Curios/]: Loaded 9 curio entities
[21Jun2025 03:50:51.386] [main/INFO] [com.github.nyuppo.MoreMobVariants/]: Reloading config...
[21Jun2025 03:50:51.405] [main/WARN] [epicfight/]: Can't find particle type epicfight:entity.hit.blunt
[21Jun2025 03:50:51.429] [main/INFO] [com.peeko32213.unusualprehistory.common.data.AnalyzerRecipeJsonManager/]: Data loader for unusualprehistory/analyzer loaded 14 jsons
[21Jun2025 03:50:51.430] [main/INFO] [com.peeko32213.unusualprehistory.common.data.LootFruitJsonManager/]: Data loader for unusualprehistory/trades loaded 4 jsons
[21Jun2025 03:50:51.456] [main/INFO] [com.peeko32213.unusualprehistory.common.data.EncyclopediaJsonManager/]: Data loader for unusualprehistory/encyclopedia loaded 47 jsons
[21Jun2025 03:50:51.457] [main/INFO] [atomicstryker.dynamiclights.server.ItemLightLevels/]: Clearing item tag to light level mapping cache
[21Jun2025 03:50:51.464] [main/INFO] [twilightforest/]: Loaded 9 Stalactite configs!
[21Jun2025 03:50:51.519] [main/WARN] [net.minecraft.core.MappedRegistry/]: Not all defined tags for registry ResourceKey[minecraft:root / minecraft:worldgen/biome] are present in data pack: forge:is_flutterfly
[21Jun2025 03:50:56.077] [Server thread/INFO] [net.minecraft.server.dedicated.DedicatedServer/]: Starting minecraft server version 1.20.1
[21Jun2025 03:50:56.077] [Server thread/INFO] [net.minecraft.server.dedicated.DedicatedServer/]: Loading properties
[21Jun2025 03:50:56.077] [Server thread/INFO] [net.minecraft.server.dedicated.DedicatedServer/]: Default game type: SURVIVAL
[21Jun2025 03:50:56.077] [Server thread/INFO] [net.minecraft.server.MinecraftServer/]: Generating keypair
[21Jun2025 03:50:56.268] [Server thread/INFO] [net.minecraft.server.dedicated.DedicatedServer/]: Starting Minecraft server on *:25565
[21Jun2025 03:50:56.297] [Server thread/INFO] [net.minecraft.server.network.ServerConnectionListener/]: Using epoll channel type
[21Jun2025 03:50:56.406] [Server thread/WARN] [net.minecraft.server.dedicated.DedicatedServer/]: **** SERVER IS RUNNING IN OFFLINE/INSECURE MODE!
[21Jun2025 03:50:56.406] [Server thread/WARN] [net.minecraft.server.dedicated.DedicatedServer/]: The server will make no attempt to authenticate usernames. Beware.
[21Jun2025 03:50:56.407] [Server thread/WARN] [net.minecraft.server.dedicated.DedicatedServer/]: While this makes the game possible to play without internet access, it also opens up the ability for hackers to connect with any username they choose.
[21Jun2025 03:50:56.407] [Server thread/WARN] [net.minecraft.server.dedicated.DedicatedServer/]: To change this, set "online-mode" to "true" in the server.properties file.
[21Jun2025 03:50:56.426] [Server thread/INFO] [Puzzles Lib/]: Loading server config for easyanvils
[21Jun2025 03:50:56.427] [Thread-3/INFO] [Puzzles Lib/]: Reloading server config for easyanvils
[21Jun2025 03:50:56.428] [Thread-3/INFO] [Puzzles Lib/]: Reloading server config for easyanvils
[21Jun2025 03:50:56.429] [Server thread/INFO] [Puzzles Lib/]: Loading server config for pickupnotifier
[21Jun2025 03:50:56.430] [Thread-3/INFO] [Puzzles Lib/]: Reloading server config for pickupnotifier
[21Jun2025 03:50:56.442] [Server thread/INFO] [Puzzles Lib/]: Loading server config for easymagic
[21Jun2025 03:50:56.443] [Thread-3/INFO] [Puzzles Lib/]: Reloading server config for easymagic
[21Jun2025 03:50:56.444] [Thread-3/INFO] [Puzzles Lib/]: Reloading server config for easymagic
[21Jun2025 03:50:56.444] [Server thread/INFO] [journeymap/]: Loading JourneyMap Forge Configs
[21Jun2025 03:50:56.445] [Thread-3/INFO] [journeymap/]: Loading JourneyMap Forge Configs
[21Jun2025 03:50:56.445] [Thread-3/INFO] [journeymap/]: Loading JourneyMap Forge Configs
[21Jun2025 03:50:56.768] [Server thread/INFO] [atomicstryker.dynamiclights.server.modules.PlayerSelfLightSource/]: item config parser identified itemstack 1 torch
[21Jun2025 03:50:56.768] [Server thread/INFO] [atomicstryker.dynamiclights.server.modules.PlayerSelfLightSource/]: item config parser identified itemstack 1 glowstone
[21Jun2025 03:50:56.768] [Server thread/INFO] [atomicstryker.dynamiclights.server.modules.PlayerSelfLightSource/]: item config parser finished, item count: 2
[21Jun2025 03:50:56.769] [Server thread/INFO] [atomicstryker.dynamiclights.server.modules.PlayerSelfLightSource/]: item config parser identified itemstack 1 torch
[21Jun2025 03:50:56.769] [Server thread/INFO] [atomicstryker.dynamiclights.server.modules.PlayerSelfLightSource/]: item config parser finished, item count: 1
[21Jun2025 03:50:56.769] [Server thread/INFO] [atomicstryker.dynamiclights.server.modules.DroppedItemsLightSource/]: item config parser identified itemstack 1 torch
[21Jun2025 03:50:56.770] [Server thread/INFO] [atomicstryker.dynamiclights.server.modules.DroppedItemsLightSource/]: item config parser identified itemstack 1 glowstone
[21Jun2025 03:50:56.770] [Server thread/INFO] [atomicstryker.dynamiclights.server.modules.DroppedItemsLightSource/]: item config parser finished, item count: 2
[21Jun2025 03:50:56.770] [Server thread/INFO] [atomicstryker.dynamiclights.server.modules.DroppedItemsLightSource/]: item config parser identified itemstack 1 torch
[21Jun2025 03:50:56.770] [Server thread/INFO] [atomicstryker.dynamiclights.server.modules.DroppedItemsLightSource/]: item config parser finished, item count: 1
[21Jun2025 03:50:56.782] [Server thread/INFO] [terrablender/]: Initialized TerraBlender biomes for level stem minecraft:the_nether
[21Jun2025 03:50:57.122] [Server thread/INFO] [terrablender/]: Initialized TerraBlender biomes for level stem minecraft:overworld
[21Jun2025 03:50:57.127] [Server thread/INFO] [net.minecraft.server.dedicated.DedicatedServer/]: Preparing level "AAAA"
[21Jun2025 03:51:10.106] [Server thread/INFO] [net.minecraft.server.MinecraftServer/]: Preparing start region for dimension minecraft:overworld
[21Jun2025 03:51:19.273] [Server thread/INFO] [com.cupboard.Cupboard/]: Loaded config for: betterchunkloading.json
[21Jun2025 03:51:20.146] [Server thread/INFO] [net.minecraft.server.level.progress.LoggerChunkProgressListener/]: Time elapsed: 622730 ms
[21Jun2025 03:51:20.147] [Server thread/INFO] [net.minecraft.server.dedicated.DedicatedServer/]: Done (23.726s)! For help, type "help"
[21Jun2025 03:51:20.218] [Server thread/INFO] [net.minecraftforge.server.permission.PermissionAPI/]: Successfully initialized permission handler forge:default_handler
[21Jun2025 03:51:20.220] [Server thread/INFO] [com.github.nyuppo.MoreMobVariants/]: Giving mobs a fresh coat of paint...
[21Jun2025 03:51:20.220] [Server thread/INFO] [net.stardustlabs.incendium.Incendium/]: Thanks for choosing Incendium!
[21Jun2025 03:51:20.221] [Server thread/INFO] [net.stardustlabs.structorytowers.StructoryTowers/]: Thanks for choosing StructoryTowers!
[21Jun2025 03:51:20.221] [Server thread/INFO] [net.stardustlabs.structory.Structory/]: Thanks for choosing Structory!
[21Jun2025 03:51:20.261] [Server thread/INFO] [com.peeko32213.unusualprehistory.common.data.AnalyzerRecipeJsonManager/]: Registered 17 jsons with items!
[21Jun2025 03:51:20.262] [Server thread/INFO] [com.cupboard.Cupboard/]: Loaded config for: cupboard.json
[21Jun2025 03:51:20.263] [Server thread/INFO] [com.cupboard.Cupboard/]: Loaded config for: betterfpsdist.json
[21Jun2025 03:51:20.264] [Server thread/INFO] [patchouli/]: Sending reload packet to clients
[21Jun2025 03:52:51.273] [Server thread/WARN] [net.minecraft.network.syncher.SynchedEntityData/]: defineId called for: class net.minecraft.world.entity.player.Player from class tschipp.carryon.common.carry.CarryOnDataManager
[21Jun2025 03:52:51.460] [Server thread/INFO] [net.minecraft.server.players.PlayerList/]: PandagamerP[/192.168.193.94:57780] logged in with entity id 80 at (-260.1574933258041, 127.5625, -2260.800432744055)
[21Jun2025 03:52:51.611] [Server thread/INFO] [net.minecraft.server.MinecraftServer/]: PandagamerP joined the game
[21Jun2025 03:52:51.789] [Server thread/INFO] [Jade/]: Syncing config to PandagamerP (585e6dc8-df73-3ccd-9607-c3110a1f71b6)
[21Jun2025 03:52:53.675] [Server thread/WARN] [net.minecraft.server.MinecraftServer/]: Can't keep up! Is the server overloaded? Running 2310ms or 46 ticks behind
[21Jun2025 04:09:10.624] [Server thread/INFO] [net.minecraft.server.network.ServerGamePacketListenerImpl/]: PandagamerP lost connection: Disconnected
[21Jun2025 04:09:10.625] [Server thread/INFO] [net.minecraft.server.MinecraftServer/]: PandagamerP left the game
